,date,open,high,low,close,volume
0,2023-09-29 00:45:00,27013.22,27079.44,26970.65,27066.78,340.01225
1,2023-09-29 01:00:00,27066.79,27084.57,27054.15,27054.16,159.32975
2,2023-09-29 01:15:00,27054.16,27111.18,27000.0,27003.94,296.72124
3,2023-09-29 01:30:00,27003.93,27095.0,27003.93,27047.2,619.3625
4,2023-09-29 01:45:00,27047.2,27061.53,27020.0,27045.01,174.5909
5,2023-09-29 02:00:00,27045.02,27085.0,27011.92,27033.24,375.93316
6,2023-09-29 02:15:00,27033.24,27037.19,26962.28,26995.84,274.71058
7,2023-09-29 02:30:00,26995.83,26995.84,26859.7,26915.15,649.54127
8,2023-09-29 02:45:00,26915.15,26950.02,26886.21,26895.21,473.73071
9,2023-09-29 03:00:00,26895.21,26935.0,26885.01,26912.91,250.90315
10,2023-09-29 03:15:00,26912.91,26925.0,26885.71,26890.29,158.16587
11,2023-09-29 03:30:00,26890.29,26961.15,26885.13,26937.46,201.84679
12,2023-09-29 03:45:00,26937.45,26959.46,26937.45,26957.99,122.44651
13,2023-09-29 04:00:00,26958.0,26958.0,26938.78,26944.42,142.54289
14,2023-09-29 04:15:00,26944.42,26944.42,26921.2,26921.51,115.36464
15,2023-09-29 04:30:00,26921.5,26968.41,26895.94,26964.47,242.77646
16,2023-09-29 04:45:00,26964.47,26972.45,26960.1,26972.45,123.57731
17,2023-09-29 05:00:00,26972.45,26980.46,26967.5,26977.64,133.35397
18,2023-09-29 05:15:00,26977.63,26983.32,26955.82,26955.83,157.50996
19,2023-09-29 05:30:00,26955.82,26975.95,26955.82,26958.71,98.96976
20,2023-09-29 05:45:00,26958.72,26985.0,26954.98,26977.11,120.23471
21,2023-09-29 06:00:00,26977.12,26977.12,26957.53,26957.81,107.17968
22,2023-09-29 06:15:00,26957.82,26965.0,26950.0,26956.54,149.9192
23,2023-09-29 06:30:00,26956.54,27010.0,26954.16,27009.99,215.22582
24,2023-09-29 06:45:00,27009.99,27078.38,27005.0,27075.28,447.61409
25,2023-09-29 07:00:00,27075.27,27075.28,27039.56,27039.57,324.36911
26,2023-09-29 07:15:00,27039.57,27056.21,27039.56,27050.39,299.68858
27,2023-09-29 07:30:00,27050.38,27244.89,27047.7,27151.09,1587.65348
28,2023-09-29 07:45:00,27151.09,27210.0,27119.99,27179.98,684.63635
29,2023-09-29 08:00:00,27179.99,27179.99,27120.9,27144.93,301.37509
30,2023-09-29 08:15:00,27144.94,27144.94,27078.0,27104.4,420.65551
31,2023-09-29 08:30:00,27104.4,27104.4,27050.77,27053.02,208.26114
32,2023-09-29 08:45:00,27053.02,27092.59,26992.63,27003.58,315.1754
33,2023-09-29 09:00:00,27003.58,27083.57,26993.52,27070.61,285.62737
34,2023-09-29 09:15:00,27070.61,27070.61,27000.0,27008.8,205.96431
35,2023-09-29 09:30:00,27008.8,27020.06,26968.48,27017.93,219.29584
36,2023-09-29 09:45:00,27017.93,27044.1,27002.1,27035.57,161.25725
37,2023-09-29 10:00:00,27035.57,27046.69,27012.17,27014.92,210.44613
38,2023-09-29 10:15:00,27014.92,27054.83,27014.1,27053.75,188.48692
39,2023-09-29 10:30:00,27053.75,27058.82,27028.0,27050.01,194.0553
40,2023-09-29 10:45:00,27050.01,27062.98,27028.96,27028.96,134.98396
41,2023-09-29 11:00:00,27028.96,27065.0,27013.53,27013.54,193.28027
42,2023-09-29 11:15:00,27013.53,27024.74,26990.88,26990.89,210.29544
43,2023-09-29 11:30:00,26990.88,27016.26,26973.38,27007.12,214.70057
44,2023-09-29 11:45:00,27007.12,27015.09,26963.7,26970.78,164.00542
45,2023-09-29 12:00:00,26970.78,26976.65,26918.68,26926.48,499.03268
46,2023-09-29 12:15:00,26926.47,26957.61,26897.0,26951.71,482.17422
47,2023-09-29 12:30:00,26951.7,26999.99,26940.36,26995.39,479.95348
48,2023-09-29 12:45:00,26995.39,27013.68,26980.08,27001.0,293.34987
49,2023-09-29 13:00:00,27001.01,27018.13,26973.98,27010.46,164.74676
50,2023-09-29 13:15:00,27010.47,27012.57,26976.74,27006.37,184.70003
51,2023-09-29 13:30:00,27006.37,27048.88,26895.0,26951.92,487.4565
52,2023-09-29 13:45:00,26951.93,26951.93,26891.1,26895.0,373.10038
53,2023-09-29 14:00:00,26895.01,26909.22,26665.16,26798.42,1883.11465
54,2023-09-29 14:15:00,26798.42,26830.98,26735.0,26781.83,638.06146
55,2023-09-29 14:30:00,26781.82,27149.05,26780.44,27002.34,1497.9515
56,2023-09-29 14:45:00,27002.34,27056.11,26834.97,26908.12,922.46031
57,2023-09-29 15:00:00,26908.12,26933.91,26847.07,26855.58,464.02066
58,2023-09-29 15:15:00,26855.57,26923.47,26805.0,26827.29,367.28947
59,2023-09-29 15:30:00,26827.29,26880.64,26791.48,26877.45,418.64473
60,2023-09-29 15:45:00,26877.45,26899.79,26840.62,26888.57,304.82138
61,2023-09-29 16:00:00,26888.57,26907.75,26831.65,26851.29,307.96826
62,2023-09-29 16:15:00,26851.3,26882.91,26842.75,26864.88,221.79412
63,2023-09-29 16:30:00,26864.87,26869.6,26819.83,26819.83,279.48693
64,2023-09-29 16:45:00,26819.84,26875.0,26809.57,26875.0,202.25395
65,2023-09-29 17:00:00,26875.0,26880.0,26849.25,26880.0,131.95166
66,2023-09-29 17:15:00,26879.99,26882.91,26830.83,26845.27,211.52522
67,2023-09-29 17:30:00,26845.28,26866.13,26826.41,26862.18,185.41002
68,2023-09-29 17:45:00,26862.18,26869.62,26838.36,26840.95,118.94981
69,2023-09-29 18:00:00,26840.95,26840.95,26760.38,26760.38,347.35533
70,2023-09-29 18:15:00,26760.39,26835.0,26750.0,26823.88,174.35358
71,2023-09-29 18:30:00,26823.88,26880.0,26823.54,26876.35,277.77328
72,2023-09-29 18:45:00,26876.35,26934.06,26865.01,26920.0,375.1353
73,2023-09-29 19:00:00,26919.99,26944.99,26895.0,26930.01,241.73874
74,2023-09-29 19:15:00,26930.01,26942.69,26902.54,26931.82,145.26147
75,2023-09-29 19:30:00,26931.81,26935.03,26910.35,26914.09,112.66634
76,2023-09-29 19:45:00,26914.1,26954.09,26914.09,26926.52,172.56753
77,2023-09-29 20:00:00,26926.53,26984.99,26914.45,26922.61,233.0192
78,2023-09-29 20:15:00,26922.62,26926.05,26872.67,26887.97,201.81576
79,2023-09-29 20:30:00,26887.97,26922.2,26887.96,26902.6,147.73359
80,2023-09-29 20:45:00,26902.6,26910.48,26894.54,26910.48,120.48571
81,2023-09-29 21:00:00,26910.47,26914.69,26880.0,26893.48,88.86211
82,2023-09-29 21:15:00,26893.49,26920.0,26893.48,26919.63,107.24835
83,2023-09-29 21:30:00,26919.62,26919.63,26888.2,26895.12,126.25886
84,2023-09-29 21:45:00,26895.13,26899.5,26869.99,26870.0,102.03496
85,2023-09-29 22:00:00,26870.0,26912.32,26869.98,26906.5,127.68009
86,2023-09-29 22:15:00,26906.51,26906.51,26867.01,26889.21,166.57862
87,2023-09-29 22:30:00,26889.22,26892.84,26866.13,26872.07,110.69357
88,2023-09-29 22:45:00,26872.07,26896.81,26872.07,26887.2,108.4299
89,2023-09-29 23:00:00,26887.2,26904.99,26876.34,26904.99,78.19539
90,2023-09-29 23:15:00,26904.98,26926.56,26895.23,26895.24,110.52516
91,2023-09-29 23:30:00,26895.24,26924.79,26895.23,26910.58,94.74102
92,2023-09-29 23:45:00,26910.57,26920.13,26906.96,26906.96,65.37306
93,2023-09-30 00:00:00,26906.96,26917.77,26891.65,26917.76,90.98981
94,2023-09-30 00:15:00,26917.76,26927.99,26895.87,26895.87,90.86619
95,2023-09-30 00:30:00,26895.87,26929.82,26895.87,26929.45,68.87995
96,2023-09-30 00:45:00,26929.44,26946.98,26929.01,26936.11,125.5969
97,2023-09-30 01:00:00,26936.11,26941.69,26921.92,26921.92,116.42059
98,2023-09-30 01:15:00,26921.92,26932.28,26913.71,26915.81,114.40303
99,2023-09-30 01:30:00,26915.81,26924.53,26900.27,26900.27,85.24349
100,2023-09-30 01:45:00,26900.28,26913.04,26891.26,26894.65,96.61186
101,2023-09-30 02:00:00,26894.65,26898.89,26889.66,26898.85,74.38094
102,2023-09-30 02:15:00,26898.85,26909.43,26886.31,26886.89,41.94681
103,2023-09-30 02:30:00,26886.89,26916.8,26886.88,26914.85,66.48076
104,2023-09-30 02:45:00,26914.84,26918.2,26898.89,26909.42,71.38873
105,2023-09-30 03:00:00,26909.41,26927.01,26909.41,26917.59,70.87258
106,2023-09-30 03:15:00,26917.6,26933.56,26917.0,26917.01,53.54994
107,2023-09-30 03:30:00,26917.0,26917.01,26897.45,26903.75,41.17819
108,2023-09-30 03:45:00,26903.76,26916.24,26893.63,26915.3,66.63377
109,2023-09-30 04:00:00,26915.3,26918.41,26911.51,26918.0,106.90776
110,2023-09-30 04:15:00,26917.99,26938.78,26917.99,26938.77,73.42154
111,2023-09-30 04:30:00,26938.78,26941.62,26935.09,26935.68,169.2846
112,2023-09-30 04:45:00,26935.68,26939.11,26924.62,26924.62,34.31921
113,2023-09-30 05:00:00,26924.62,26937.55,26924.62,26937.54,53.75697
114,2023-09-30 05:15:00,26937.54,26955.91,26937.54,26947.84,74.43503
115,2023-09-30 05:30:00,26947.83,26947.84,26928.38,26928.39,52.14175
116,2023-09-30 05:45:00,26928.38,26937.33,26926.88,26934.9,94.84882
117,2023-09-30 06:00:00,26934.91,26940.0,26929.46,26936.27,100.1482
118,2023-09-30 06:15:00,26936.26,26942.22,26933.32,26933.32,65.65499
119,2023-09-30 06:30:00,26933.33,26951.97,26933.32,26941.46,90.73643
120,2023-09-30 06:45:00,26941.47,26941.47,26927.48,26927.49,89.79292
121,2023-09-30 07:00:00,26927.49,26927.49,26924.18,26926.58,65.32928
122,2023-09-30 07:15:00,26926.58,26940.26,26919.36,26938.15,252.36267
123,2023-09-30 07:30:00,26938.15,26958.04,26938.14,26944.02,176.86484
124,2023-09-30 07:45:00,26944.02,26944.02,26931.75,26931.75,183.4667
125,2023-09-30 08:00:00,26931.76,26933.28,26925.08,26933.15,146.54856
126,2023-09-30 08:15:00,26933.14,26937.2,26923.18,26926.54,116.22196
127,2023-09-30 08:30:00,26926.53,26935.17,26923.42,26935.16,132.19878
128,2023-09-30 08:45:00,26935.17,26938.32,26926.71,26929.09,134.26573
129,2023-09-30 09:00:00,26929.09,26956.99,26929.09,26950.65,157.79395
130,2023-09-30 09:15:00,26950.64,26959.0,26950.0,26957.26,102.25429
131,2023-09-30 09:30:00,26957.26,26957.27,26952.18,26952.18,66.11002
132,2023-09-30 09:45:00,26952.19,26952.19,26939.57,26947.64,62.07037
133,2023-09-30 10:00:00,26947.63,26960.37,26947.63,26960.36,127.89629
134,2023-09-30 10:15:00,26960.37,26975.02,26960.36,26975.02,100.59183
135,2023-09-30 10:30:00,26975.01,26978.04,26960.0,26978.04,161.85499
136,2023-09-30 10:45:00,26978.04,26987.84,26974.67,26978.94,115.87697
137,2023-09-30 11:00:00,26978.95,26978.95,26966.59,26974.67,80.2413
138,2023-09-30 11:15:00,26974.67,26997.0,26971.21,26975.85,145.36786
139,2023-09-30 11:30:00,26975.85,26975.86,26924.2,26924.2,211.40453
140,2023-09-30 11:45:00,26924.2,26949.94,26923.54,26936.02,152.81378
141,2023-09-30 12:00:00,26936.02,26948.78,26929.98,26945.04,169.65257
142,2023-09-30 12:15:00,26945.04,26948.78,26935.62,26945.8,128.70924
143,2023-09-30 12:30:00,26945.8,26954.4,26928.5,26928.5,163.44348
144,2023-09-30 12:45:00,26928.5,26939.51,26909.94,26928.06,168.28428
145,2023-09-30 13:00:00,26928.05,26928.06,26903.01,26918.49,214.07386
146,2023-09-30 13:15:00,26918.5,26931.6,26913.72,26931.6,155.03306
147,2023-09-30 13:30:00,26931.6,26943.69,26931.59,26935.98,100.32592
148,2023-09-30 13:45:00,26935.98,26979.0,26928.2,26973.39,225.53436
149,2023-09-30 14:00:00,26973.4,27000.0,26957.26,26994.13,364.48002
150,2023-09-30 14:15:00,26994.12,27006.41,26963.3,26978.66,308.94908
151,2023-09-30 14:30:00,26978.66,26995.11,26964.19,26994.12,154.03487
152,2023-09-30 14:45:00,26994.12,27004.89,26988.23,26992.38,128.74627
153,2023-09-30 15:00:00,26992.39,27027.8,26979.73,27021.75,170.31748
154,2023-09-30 15:15:00,27021.75,27070.24,27007.76,27016.41,463.4292
155,2023-09-30 15:30:00,27016.41,27047.94,27000.37,27040.11,131.61084
156,2023-09-30 15:45:00,27040.1,27094.99,26982.52,26996.29,512.08941
157,2023-09-30 16:00:00,26996.29,27024.62,26987.39,27009.5,195.38943
158,2023-09-30 16:15:00,27009.5,27009.5,26975.45,26989.45,210.14773
159,2023-09-30 16:30:00,26989.45,27039.42,26989.44,27026.89,266.93703
160,2023-09-30 16:45:00,27026.9,27043.61,27014.29,27020.92,161.75713
161,2023-09-30 17:00:00,27020.91,27020.92,26970.72,26986.47,224.34763
162,2023-09-30 17:15:00,26986.47,27013.26,26986.46,27013.26,111.21105
163,2023-09-30 17:30:00,27013.26,27028.31,27000.0,27028.3,82.0056
164,2023-09-30 17:45:00,27028.31,27030.18,27014.32,27017.55,88.76396
165,2023-09-30 18:00:00,27017.54,27017.55,27003.64,27014.0,107.95623
166,2023-09-30 18:15:00,27013.99,27014.0,26997.21,27008.69,91.18821
167,2023-09-30 18:30:00,27008.69,27013.4,26989.57,26995.6,105.64411
168,2023-09-30 18:45:00,26995.6,27003.25,26990.03,26999.98,85.92549
169,2023-09-30 19:00:00,26999.98,27003.25,26987.78,26994.01,169.65764
170,2023-09-30 19:15:00,26994.02,27000.0,26990.45,26999.0,87.57213
171,2023-09-30 19:30:00,26999.01,27037.04,26999.0,27034.53,222.70199
172,2023-09-30 19:45:00,27034.53,27034.53,27016.88,27020.7,171.22378
173,2023-09-30 20:00:00,27020.7,27047.67,27020.69,27038.9,113.52857
174,2023-09-30 20:15:00,27038.89,27054.44,27027.23,27029.71,117.19979
175,2023-09-30 20:30:00,27029.7,27068.59,27029.7,27067.0,85.54681
176,2023-09-30 20:45:00,27067.0,27073.11,27060.0,27064.15,116.39665
177,2023-09-30 21:00:00,27064.15,27080.41,27064.14,27076.6,113.58631
178,2023-09-30 21:15:00,27076.6,27081.78,27065.8,27065.8,100.28139
179,2023-09-30 21:30:00,27065.8,27065.81,26963.89,26998.74,237.528
180,2023-09-30 21:45:00,26998.73,26999.99,26946.73,26999.28,199.31438
181,2023-09-30 22:00:00,26999.29,27019.2,26977.16,27016.99,178.17615
182,2023-09-30 22:15:00,27017.0,27029.28,27015.65,27029.28,90.88489
183,2023-09-30 22:30:00,27029.27,27029.28,27004.49,27009.45,103.42714
184,2023-09-30 22:45:00,27009.44,27012.0,27000.0,27010.29,66.41801
185,2023-09-30 23:00:00,27010.28,27011.0,26984.84,26984.85,87.29383
186,2023-09-30 23:15:00,26984.84,26996.5,26965.99,26965.99,81.23784
187,2023-09-30 23:30:00,26966.0,26988.08,26957.15,26962.97,122.45377
188,2023-09-30 23:45:00,26962.98,26974.12,26956.16,26962.56,77.78
189,2023-10-01 00:00:00,26962.57,26986.92,26955.3,26980.68,104.68779
190,2023-10-01 00:15:00,26980.68,26981.14,26964.91,26974.63,75.79765
191,2023-10-01 00:30:00,26974.62,26997.0,26954.09,26990.29,109.69937
192,2023-10-01 00:45:00,26990.29,26991.08,26981.37,26991.07,45.21268
193,2023-10-01 01:00:00,26991.08,27000.0,26980.59,26992.04,78.10525
194,2023-10-01 01:15:00,26992.05,27037.4,26978.87,27020.19,148.82637
195,2023-10-01 01:30:00,27020.18,27020.41,27010.23,27013.48,66.34242
196,2023-10-01 01:45:00,27013.48,27031.02,27013.48,27019.83,80.22365
197,2023-10-01 02:00:00,27019.83,27044.89,27019.83,27028.88,85.81749
198,2023-10-01 02:15:00,27028.89,27047.75,27028.88,27039.52,86.97077
199,2023-10-01 02:30:00,27039.52,27039.52,27018.42,27022.17,129.09559
200,2023-10-01 02:45:00,27022.17,27038.66,27022.17,27025.89,67.34998
201,2023-10-01 03:00:00,27025.89,27028.2,27010.23,27013.91,69.3381
202,2023-10-01 03:15:00,27013.92,27048.0,27013.91,27041.38,78.22867
203,2023-10-01 03:30:00,27041.39,27047.96,27032.31,27032.32,80.17417
204,2023-10-01 03:45:00,27032.31,27047.24,27031.17,27044.76,43.60622
205,2023-10-01 04:00:00,27044.77,27047.24,27020.9,27026.45,94.74624
206,2023-10-01 04:15:00,27026.44,27032.69,27023.95,27032.69,62.00129
207,2023-10-01 04:30:00,27032.69,27033.33,27026.47,27030.72,67.35661
208,2023-10-01 04:45:00,27030.72,27047.77,27030.72,27045.47,50.34692
209,2023-10-01 05:00:00,27045.47,27045.47,27041.86,27045.43,82.73105
210,2023-10-01 05:15:00,27045.44,27072.75,27043.64,27069.76,155.41514
211,2023-10-01 05:30:00,27069.75,27072.44,27055.4,27072.44,271.02813
212,2023-10-01 05:45:00,27072.43,27072.44,27068.0,27071.72,126.84345
213,2023-10-01 06:00:00,27071.73,27100.0,27071.72,27096.96,182.66733
214,2023-10-01 06:15:00,27096.95,27099.99,27088.02,27089.33,113.95811
215,2023-10-01 06:30:00,27089.33,27138.33,27089.33,27103.63,409.25343
216,2023-10-01 06:45:00,27103.63,27134.69,27099.12,27128.85,153.6719
217,2023-10-01 07:00:00,27128.85,27158.59,27128.84,27148.82,164.52084
218,2023-10-01 07:15:00,27148.82,27151.29,27097.04,27107.95,400.85123
219,2023-10-01 07:30:00,27107.94,27127.09,27107.94,27111.59,187.67492
220,2023-10-01 07:45:00,27111.59,27120.03,27107.94,27107.95,132.08556
221,2023-10-01 08:00:00,27107.94,27115.73,27096.36,27100.81,168.44602
222,2023-10-01 08:15:00,27100.81,27116.26,27086.74,27115.75,173.67
223,2023-10-01 08:30:00,27115.74,27140.51,27115.74,27140.51,124.69739
224,2023-10-01 08:45:00,27140.5,27157.87,27126.68,27135.47,192.06608
225,2023-10-01 09:00:00,27135.47,27159.67,27135.47,27159.67,139.28767
226,2023-10-01 09:15:00,27159.67,27231.81,27150.99,27210.0,502.08627
227,2023-10-01 09:30:00,27210.01,27227.77,27176.28,27188.09,311.10916
228,2023-10-01 09:45:00,27188.08,27230.0,27181.75,27217.77,205.35246
229,2023-10-01 10:00:00,27217.78,27289.08,27212.99,27256.95,643.01715
230,2023-10-01 10:15:00,27256.95,27260.1,27202.19,27220.22,314.03334
231,2023-10-01 10:30:00,27220.22,27220.22,27159.98,27171.33,244.60779
232,2023-10-01 10:45:00,27171.32,27210.04,27171.32,27210.01,181.50496
233,2023-10-01 11:00:00,27210.0,27210.01,27170.0,27184.53,135.36509
234,2023-10-01 11:15:00,27184.53,27204.04,27170.02,27204.04,209.87668
235,2023-10-01 11:30:00,27204.03,27239.89,27201.66,27220.93,233.44917
236,2023-10-01 11:45:00,27220.93,27220.94,27171.99,27187.71,190.66799
237,2023-10-01 12:00:00,27187.71,27189.79,27143.76,27151.75,201.98596
238,2023-10-01 12:15:00,27151.76,27172.59,27126.28,27170.01,304.18632
239,2023-10-01 12:30:00,27170.0,27195.19,27146.51,27189.42,194.03623
240,2023-10-01 12:45:00,27189.41,27199.79,27177.6,27193.98,121.98582
241,2023-10-01 13:00:00,27193.98,27196.65,27148.56,27151.13,225.01665
242,2023-10-01 13:15:00,27151.13,27168.81,27151.13,27168.8,120.95898
243,2023-10-01 13:30:00,27168.81,27179.36,27149.09,27171.38,148.42612
244,2023-10-01 13:45:00,27171.39,27196.89,27161.11,27192.04,175.23787
245,2023-10-01 14:00:00,27192.04,27210.0,27186.53,27202.33,149.84053
246,2023-10-01 14:15:00,27202.33,27229.29,27200.0,27219.47,171.41888
247,2023-10-01 14:30:00,27219.48,27219.48,27083.24,27112.47,434.53189
248,2023-10-01 14:45:00,27112.47,27144.12,27093.88,27119.79,240.59412
249,2023-10-01 15:00:00,27119.79,27141.99,27110.74,27132.01,176.87247
250,2023-10-01 15:15:00,27132.01,27142.75,27107.01,27132.88,150.60619
251,2023-10-01 15:30:00,27132.89,27150.0,27130.01,27133.0,124.40264
252,2023-10-01 15:45:00,27133.01,27155.85,27133.0,27153.18,89.7126
253,2023-10-01 16:00:00,27153.17,27155.0,27137.45,27154.99,139.18081
254,2023-10-01 16:15:00,27155.0,27155.0,27121.77,27122.36,110.97892
255,2023-10-01 16:30:00,27122.36,27131.71,27082.38,27110.01,219.21686
256,2023-10-01 16:45:00,27110.0,27135.05,27100.71,27112.19,116.12803
257,2023-10-01 17:00:00,27112.2,27140.45,27112.19,27138.15,92.91317
258,2023-10-01 17:15:00,27138.15,27140.01,27106.69,27122.76,121.66406
259,2023-10-01 17:30:00,27122.76,27125.11,27077.99,27082.71,172.5305
260,2023-10-01 17:45:00,27082.7,27095.04,27035.78,27072.35,342.9417
261,2023-10-01 18:00:00,27072.34,27097.04,27065.07,27091.75,108.21695
262,2023-10-01 18:15:00,27091.74,27099.6,27076.24,27090.94,134.13254
263,2023-10-01 18:30:00,27090.93,27100.01,27077.43,27091.77,125.74574
264,2023-10-01 18:45:00,27091.77,27096.14,27080.71,27096.13,69.98236
265,2023-10-01 19:00:00,27096.13,27098.53,27076.36,27076.37,72.36364
266,2023-10-01 19:15:00,27076.36,27103.36,27076.36,27096.38,123.63802
267,2023-10-01 19:30:00,27096.39,27107.77,27095.38,27107.75,76.73434
268,2023-10-01 19:45:00,27107.74,27107.75,27095.0,27103.02,93.4207
269,2023-10-01 20:00:00,27103.02,27147.0,27033.1,27136.3,352.75828
270,2023-10-01 20:15:00,27136.3,27147.0,27113.99,27114.07,178.40631
271,2023-10-01 20:30:00,27114.08,27114.08,27061.89,27099.42,160.45499
272,2023-10-01 20:45:00,27099.42,27115.0,27099.41,27109.75,75.01109
273,2023-10-01 21:00:00,27109.75,27132.7,27091.78,27099.19,87.91058
274,2023-10-01 21:15:00,27099.19,27131.04,27099.18,27131.04,94.34031
275,2023-10-01 21:30:00,27131.03,27159.79,27124.11,27159.79,83.86889
276,2023-10-01 21:45:00,27159.79,27187.99,27142.68,27180.37,99.61428
277,2023-10-01 22:00:00,27180.38,27234.16,27155.0,27225.15,234.60638
278,2023-10-01 22:15:00,27225.15,28000.0,27225.15,27871.69,4609.15504
279,2023-10-01 22:30:00,27872.09,28065.51,27815.76,27937.25,2037.05184
280,2023-10-01 22:45:00,27937.25,28010.0,27885.11,27996.43,904.67903
281,2023-10-01 23:00:00,27996.43,28025.12,27861.47,27888.63,994.25329
282,2023-10-01 23:15:00,27888.62,27975.6,27867.58,27890.26,679.80365
283,2023-10-01 23:30:00,27890.25,27971.66,27866.37,27968.66,514.89571
284,2023-10-01 23:45:00,27968.66,28000.0,27941.16,27992.57,372.53786
285,2023-10-02 00:00:00,27992.58,28062.43,27937.56,27949.49,1341.59254
286,2023-10-02 00:15:00,27949.5,27986.89,27895.99,27955.0,520.24883
287,2023-10-02 00:30:00,27954.99,27962.96,27880.95,27962.95,469.02552
288,2023-10-02 00:45:00,27962.96,27975.0,27903.68,27932.05,452.46748
289,2023-10-02 01:00:00,27932.05,27965.75,27850.0,27862.53,385.45058
290,2023-10-02 01:15:00,27862.52,27883.6,27826.65,27846.78,504.87926
291,2023-10-02 01:30:00,27846.79,27915.0,27846.78,27899.99,341.2272
292,2023-10-02 01:45:00,27899.99,27920.0,27886.17,27920.0,303.87811
293,2023-10-02 02:00:00,27919.99,27949.64,27899.91,27946.1,268.07395
294,2023-10-02 02:15:00,27946.09,27983.94,27936.06,27973.75,459.5917
295,2023-10-02 02:30:00,27973.75,28000.0,27955.68,27968.3,435.34221
296,2023-10-02 02:45:00,27968.31,28002.07,27968.3,27982.6,244.85355
297,2023-10-02 03:00:00,27982.61,28010.0,27953.95,27965.52,274.6939
298,2023-10-02 03:15:00,27965.51,27987.9,27954.72,27985.57,180.33705
299,2023-10-02 03:30:00,27985.56,28210.0,27966.8,28097.61,1129.68376
300,2023-10-02 03:45:00,28097.62,28131.16,28023.26,28126.54,954.32897
301,2023-10-02 04:00:00,28126.54,28154.83,28068.65,28068.66,373.80241
302,2023-10-02 04:15:00,28068.65,28088.44,28039.68,28039.69,239.80861
303,2023-10-02 04:30:00,28039.68,28066.25,28018.11,28045.62,477.56689
304,2023-10-02 04:45:00,28045.61,28083.72,28038.16,28067.06,286.30535
305,2023-10-02 05:00:00,28067.07,28078.24,28043.2,28055.3,260.41676
306,2023-10-02 05:15:00,28055.3,28112.95,28055.3,28097.11,409.47512
307,2023-10-02 05:30:00,28097.11,28097.12,27910.95,27973.39,1105.41949
308,2023-10-02 05:45:00,27973.39,28005.22,27941.57,27977.38,386.37113
309,2023-10-02 06:00:00,27977.39,27996.82,27963.35,27982.23,305.93274
310,2023-10-02 06:15:00,27982.24,28048.96,27967.9,28047.54,507.06719
311,2023-10-02 06:30:00,28047.53,28083.31,28032.44,28075.1,346.15942
312,2023-10-02 06:45:00,28075.1,28103.83,28058.14,28101.59,263.73392
313,2023-10-02 07:00:00,28101.59,28138.66,28097.65,28105.99,467.23559
314,2023-10-02 07:15:00,28105.99,28247.1,28105.98,28192.37,820.05881
315,2023-10-02 07:30:00,28192.38,28414.19,28190.0,28309.84,1690.48928
316,2023-10-02 07:45:00,28309.84,28430.0,28237.34,28311.91,866.30121
317,2023-10-02 08:00:00,28311.91,28378.25,28252.84,28340.01,831.39382
318,2023-10-02 08:15:00,28340.01,28416.89,28328.73,28378.66,917.00249
319,2023-10-02 08:30:00,28378.65,28484.28,28328.65,28352.66,1228.2704
320,2023-10-02 08:45:00,28352.65,28388.28,28274.02,28280.94,1268.85237
321,2023-10-02 09:00:00,28280.94,28326.55,28274.11,28303.99,702.25472
322,2023-10-02 09:15:00,28304.0,28310.0,28238.15,28282.34,531.69673
323,2023-10-02 09:30:00,28282.33,28322.56,28258.51,28258.87,367.05892
324,2023-10-02 09:45:00,28258.87,28318.07,28258.87,28288.61,286.16085
325,2023-10-02 10:00:00,28288.61,28321.66,28286.31,28317.23,319.70252
326,2023-10-02 10:15:00,28317.24,28342.87,28273.31,28325.73,449.26729
327,2023-10-02 10:30:00,28325.73,28330.98,28288.19,28313.46,251.8973
328,2023-10-02 10:45:00,28313.45,28319.84,28280.0,28305.5,403.21442
329,2023-10-02 11:00:00,28305.5,28338.53,28257.18,28275.5,288.67731
330,2023-10-02 11:15:00,28275.5,28368.76,28275.5,28356.86,390.95799
331,2023-10-02 11:30:00,28356.86,28364.16,28202.61,28248.7,444.97167
332,2023-10-02 11:45:00,28248.7,28258.17,28187.69,28198.04,559.12512
333,2023-10-02 12:00:00,28198.05,28264.38,28197.69,28250.95,282.68698
334,2023-10-02 12:15:00,28250.95,28308.33,28225.47,28299.84,430.78173
335,2023-10-02 12:30:00,28299.84,28327.59,28281.32,28303.75,1022.49326
336,2023-10-02 12:45:00,28303.76,28349.27,28290.91,28320.66,385.44011
337,2023-10-02 13:00:00,28320.67,28342.62,28295.26,28334.94,387.32367
338,2023-10-02 13:15:00,28334.94,28389.98,28301.37,28320.32,499.04338
339,2023-10-02 13:30:00,28320.31,28470.0,28292.0,28426.46,923.37874
340,2023-10-02 13:45:00,28426.46,28544.0,28324.6,28544.0,956.85937
341,2023-10-02 14:00:00,28544.0,28580.0,28249.43,28259.27,1946.64511
342,2023-10-02 14:15:00,28259.27,28323.17,28178.4,28298.77,936.08149
343,2023-10-02 14:30:00,28298.76,28370.0,28273.3,28302.11,489.29639
344,2023-10-02 14:45:00,28302.11,28317.96,28239.43,28307.69,438.0102
345,2023-10-02 15:00:00,28307.69,28343.77,28282.8,28321.45,394.10815
346,2023-10-02 15:15:00,28321.46,28367.63,28235.82,28364.28,673.43545
347,2023-10-02 15:30:00,28364.29,28419.88,28283.3,28283.31,495.55144
348,2023-10-02 15:45:00,28283.3,28286.26,27983.0,28026.31,1731.10727
349,2023-10-02 16:00:00,28026.3,28067.25,27853.49,28060.74,1497.02167
350,2023-10-02 16:15:00,28060.74,28123.39,28035.0,28074.7,748.30258
351,2023-10-02 16:30:00,28074.7,28078.19,27995.01,28018.23,341.29166
352,2023-10-02 16:45:00,28018.23,28091.87,27955.0,27999.15,444.3837
353,2023-10-02 17:00:00,27999.15,28041.46,27905.72,27941.71,531.59455
354,2023-10-02 17:15:00,27941.71,28062.06,27929.5,28056.67,351.02842
355,2023-10-02 17:30:00,28056.66,28095.0,28030.0,28095.0,310.41026
356,2023-10-02 17:45:00,28094.99,28121.91,28054.2,28055.25,263.42153
357,2023-10-02 18:00:00,28055.26,28104.1,28018.99,28101.21,297.28742
358,2023-10-02 18:15:00,28101.21,28101.22,27987.29,28005.0,309.88678
359,2023-10-02 18:30:00,28004.99,28053.66,27655.82,27706.09,1660.54533
360,2023-10-02 18:45:00,27706.1,27874.2,27671.35,27798.81,937.0377
361,2023-10-02 19:00:00,27798.82,27799.5,27631.41,27766.88,938.68511
362,2023-10-02 19:15:00,27766.88,27856.25,27733.09,27801.7,430.60567
363,2023-10-02 19:30:00,27801.7,27895.71,27796.7,27817.18,422.81923
364,2023-10-02 19:45:00,27817.17,27967.93,27810.0,27964.99,450.71793
365,2023-10-02 20:00:00,27965.0,27965.94,27840.87,27864.68,483.24852
366,2023-10-02 20:15:00,27864.68,27885.95,27833.21,27842.39,253.9791
367,2023-10-02 20:30:00,27842.39,27875.0,27832.03,27836.13,211.52613
368,2023-10-02 20:45:00,27836.13,27866.5,27821.3,27843.68,219.57416
369,2023-10-02 21:00:00,27843.68,27873.4,27771.13,27794.13,264.06069
370,2023-10-02 21:15:00,27794.13,27872.31,27776.71,27865.44,262.36973
371,2023-10-02 21:30:00,27865.44,27865.45,27520.5,27595.22,976.0214
372,2023-10-02 21:45:00,27595.21,27595.22,27281.44,27472.22,2335.88659
373,2023-10-02 22:00:00,27472.23,27489.85,27351.0,27422.54,866.91212
374,2023-10-02 22:15:00,27422.53,27533.65,27400.44,27528.15,646.11682
375,2023-10-02 22:30:00,27528.15,27538.92,27486.87,27530.0,352.24027
376,2023-10-02 22:45:00,27530.0,27558.46,27507.78,27554.56,268.64867
377,2023-10-02 23:00:00,27554.55,27565.49,27475.0,27478.78,500.38552
378,2023-10-02 23:15:00,27478.78,27540.0,27472.48,27533.35,306.87908
379,2023-10-02 23:30:00,27533.35,27609.17,27533.34,27593.14,302.87251
380,2023-10-02 23:45:00,27593.13,27618.48,27483.57,27494.51,580.81637
381,2023-10-03 00:00:00,27494.51,27538.9,27471.48,27497.35,541.00439
382,2023-10-03 00:15:00,27497.34,27552.14,27485.99,27550.05,210.85249
383,2023-10-03 00:30:00,27550.05,27572.0,27463.26,27476.99,583.29065
384,2023-10-03 00:45:00,27477.0,27484.73,27401.0,27430.0,1307.01817
385,2023-10-03 01:00:00,27430.0,27461.36,27381.48,27451.48,422.17387
386,2023-10-03 01:15:00,27451.48,27487.12,27429.16,27485.01,224.00711
387,2023-10-03 01:30:00,27485.01,27556.52,27471.0,27556.52,344.19068
388,2023-10-03 01:45:00,27556.52,27564.6,27531.34,27563.32,237.58066
389,2023-10-03 02:00:00,27563.32,27563.33,27517.15,27550.0,206.79556
390,2023-10-03 02:15:00,27549.99,27556.17,27542.0,27554.99,103.19278
391,2023-10-03 02:30:00,27554.99,27592.29,27552.47,27580.4,185.27468
392,2023-10-03 02:45:00,27580.4,27613.78,27580.0,27584.2,197.79379
393,2023-10-03 03:00:00,27584.2,27586.06,27536.0,27576.34,200.07825
394,2023-10-03 03:15:00,27576.33,27592.27,27553.52,27567.41,146.05857
395,2023-10-03 03:30:00,27567.42,27640.0,27555.63,27632.49,325.16456
396,2023-10-03 03:45:00,27632.5,27632.5,27575.35,27601.55,216.25211
397,2023-10-03 04:00:00,27601.54,27608.95,27573.7,27574.02,151.39537
398,2023-10-03 04:15:00,27574.02,27588.88,27556.52,27557.0,119.61134
399,2023-10-03 04:30:00,27557.01,27595.41,27545.3,27575.01,169.26511
400,2023-10-03 04:45:00,27575.01,27648.05,27560.72,27633.02,271.3905
401,2023-10-03 05:00:00,27633.02,27635.0,27590.79,27593.61,244.81367
402,2023-10-03 05:15:00,27593.62,27617.58,27593.61,27596.48,168.78816
403,2023-10-03 05:30:00,27596.49,27613.37,27584.66,27613.34,137.3709
404,2023-10-03 05:45:00,27613.34,27613.35,27572.37,27572.37,140.05346
405,2023-10-03 06:00:00,27572.37,27598.93,27565.06,27598.93,114.11467
406,2023-10-03 06:15:00,27598.93,27605.0,27568.72,27600.2,131.86365
407,2023-10-03 06:30:00,27600.19,27643.49,27600.19,27619.14,193.23067
408,2023-10-03 06:45:00,27619.15,27676.52,27619.14,27637.63,281.12851
409,2023-10-03 07:00:00,27637.63,27653.47,27609.91,27612.22,192.93269
410,2023-10-03 07:15:00,27612.22,27620.0,27573.38,27585.83,171.53699
411,2023-10-03 07:30:00,27585.84,27585.84,27521.43,27561.66,337.39356
412,2023-10-03 07:45:00,27561.66,27576.69,27536.39,27540.64,227.45435
413,2023-10-03 08:00:00,27540.65,27592.06,27540.06,27590.0,214.51294
414,2023-10-03 08:15:00,27589.99,27631.66,27589.99,27630.04,270.49999
415,2023-10-03 08:30:00,27630.04,27642.83,27598.71,27629.21,213.95605
416,2023-10-03 08:45:00,27629.2,27632.91,27590.0,27595.14,154.73865
417,2023-10-03 09:00:00,27595.14,27614.58,27595.13,27605.66,196.46671
418,2023-10-03 09:15:00,27605.67,27619.18,27545.38,27547.96,204.49225
419,2023-10-03 09:30:00,27547.96,27588.01,27547.96,27567.53,283.97242
420,2023-10-03 09:45:00,27567.54,27584.12,27550.0,27550.01,213.47899
421,2023-10-03 10:00:00,27550.01,27605.8,27550.0,27560.03,230.78649
422,2023-10-03 10:15:00,27560.03,27597.9,27559.96,27597.63,305.7136
423,2023-10-03 10:30:00,27597.63,27613.55,27571.1,27603.78,154.42704
424,2023-10-03 10:45:00,27603.77,27635.8,27585.72,27625.58,140.30881
425,2023-10-03 11:00:00,27625.58,27634.97,27534.0,27534.01,253.13247
426,2023-10-03 11:15:00,27534.0,27565.18,27480.0,27489.81,423.77529
427,2023-10-03 11:30:00,27489.82,27561.75,27475.0,27558.36,372.87575
428,2023-10-03 11:45:00,27558.35,27574.89,27525.0,27559.99,251.85775
429,2023-10-03 12:00:00,27560.0,27565.0,27431.87,27485.08,743.86715
430,2023-10-03 12:15:00,27485.07,27515.19,27420.55,27497.01,424.69475
431,2023-10-03 12:30:00,27497.01,27525.8,27467.76,27475.9,229.77836
432,2023-10-03 12:45:00,27475.91,27500.0,27438.1,27472.7,318.44925
433,2023-10-03 13:00:00,27472.69,27504.49,27388.0,27489.04,934.36116
434,2023-10-03 13:15:00,27489.04,27539.99,27483.31,27531.89,272.89529
435,2023-10-03 13:30:00,27531.9,27555.46,27504.77,27554.39,274.31196
436,2023-10-03 13:45:00,27554.38,27579.7,27532.87,27549.47,220.9331
437,2023-10-03 14:00:00,27549.48,27549.48,27360.0,27431.67,873.00926
438,2023-10-03 14:15:00,27431.66,27441.02,27350.42,27375.58,499.30446
439,2023-10-03 14:30:00,27375.57,27461.54,27333.34,27400.0,542.60198
440,2023-10-03 14:45:00,27400.0,27400.01,27258.05,27350.59,891.46655
441,2023-10-03 15:00:00,27350.59,27381.54,27280.68,27365.67,441.39347
442,2023-10-03 15:15:00,27365.66,27420.13,27361.84,27401.02,339.72714
443,2023-10-03 15:30:00,27401.02,27410.6,27305.01,27325.62,456.86084
444,2023-10-03 15:45:00,27325.62,27356.91,27234.55,27345.0,544.84161
445,2023-10-03 16:00:00,27345.0,27405.15,27318.89,27360.87,438.34377
446,2023-10-03 16:15:00,27360.88,27412.35,27357.31,27404.66,270.01985
447,2023-10-03 16:30:00,27404.66,27442.59,27387.76,27415.65,222.38891
448,2023-10-03 16:45:00,27415.65,27425.0,27385.16,27385.44,205.47773
449,2023-10-03 17:00:00,27385.44,27447.14,27385.0,27409.4,251.16612
450,2023-10-03 17:15:00,27409.4,27482.97,27401.82,27462.06,284.20565
451,2023-10-03 17:30:00,27462.07,27486.2,27431.98,27438.61,204.53127
452,2023-10-03 17:45:00,27438.6,27446.2,27420.0,27435.4,149.01806
453,2023-10-03 18:00:00,27435.4,27447.75,27392.15,27400.66,193.05071
454,2023-10-03 18:15:00,27400.67,27413.3,27387.0,27388.89,127.99948
455,2023-10-03 18:30:00,27388.89,27388.89,27350.0,27361.78,281.35692
456,2023-10-03 18:45:00,27361.78,27361.78,27300.47,27300.48,335.51579
457,2023-10-03 19:00:00,27300.48,27399.45,27250.0,27381.81,381.43194
458,2023-10-03 19:15:00,27381.81,27425.0,27350.0,27365.01,281.07988
459,2023-10-03 19:30:00,27365.01,27371.43,27293.1,27314.43,275.33319
460,2023-10-03 19:45:00,27314.43,27339.63,27255.0,27275.0,294.13345
461,2023-10-03 20:00:00,27275.0,27349.12,27160.5,27342.92,989.06255
462,2023-10-03 20:15:00,27342.91,27375.33,27323.02,27371.41,293.93327
463,2023-10-03 20:30:00,27371.42,27395.0,27334.07,27348.95,258.77114
464,2023-10-03 20:45:00,27348.95,27396.97,27340.0,27394.25,157.16074
465,2023-10-03 21:00:00,27394.24,27408.46,27372.33,27372.34,174.27157
466,2023-10-03 21:15:00,27372.35,27453.11,27372.34,27415.43,206.12967
467,2023-10-03 21:30:00,27415.43,27415.44,27360.0,27379.09,193.83673
468,2023-10-03 21:45:00,27379.09,27431.95,27379.08,27400.06,92.40726
469,2023-10-03 22:00:00,27400.06,27400.06,27339.45,27362.25,119.19496
470,2023-10-03 22:15:00,27362.24,27362.25,27279.93,27320.23,229.96324
471,2023-10-03 22:30:00,27320.23,27340.0,27299.14,27327.56,147.05235
472,2023-10-03 22:45:00,27327.57,27410.93,27270.0,27404.21,353.553
473,2023-10-03 23:00:00,27404.22,27450.0,27380.36,27408.95,399.81083
474,2023-10-03 23:15:00,27408.94,27450.0,27388.78,27443.5,283.07779
475,2023-10-03 23:30:00,27443.51,27469.65,27426.85,27463.4,235.24091
476,2023-10-03 23:45:00,27463.4,27466.55,27416.36,27426.46,203.88337
477,2023-10-04 00:00:00,27426.45,27435.0,27360.0,27360.0,471.05443
478,2023-10-04 00:15:00,27360.0,27403.3,27348.82,27363.52,315.2826
479,2023-10-04 00:30:00,27363.52,27373.66,27202.0,27262.01,1291.18776
480,2023-10-04 00:45:00,27262.01,27350.02,27250.96,27310.43,772.50201
481,2023-10-04 01:00:00,27310.43,27348.23,27273.38,27344.83,746.96714
482,2023-10-04 01:15:00,27345.0,27355.74,27260.0,27353.97,822.28503
483,2023-10-04 01:30:00,27353.97,27353.97,27280.95,27310.0,312.85248
484,2023-10-04 01:45:00,27310.0,27349.96,27309.99,27336.8,163.57555
485,2023-10-04 02:00:00,27336.8,27453.38,27312.23,27453.38,520.71664
486,2023-10-04 02:15:00,27453.38,27510.29,27412.35,27443.28,542.76555
487,2023-10-04 02:30:00,27443.29,27467.47,27387.1,27387.1,237.30051
488,2023-10-04 02:45:00,27387.1,27426.43,27368.11,27412.14,144.71009
489,2023-10-04 03:00:00,27412.14,27439.99,27412.14,27437.53,101.6746
490,2023-10-04 03:15:00,27437.52,27465.14,27430.0,27430.0,107.12788
491,2023-10-04 03:30:00,27430.0,27448.32,27404.96,27408.9,141.61963
492,2023-10-04 03:45:00,27408.89,27435.8,27408.89,27430.43,145.27023
493,2023-10-04 04:00:00,27430.43,27430.44,27400.43,27415.45,97.5559
494,2023-10-04 04:15:00,27415.45,27419.3,27397.99,27418.22,110.28608
495,2023-10-04 04:30:00,27418.22,27421.78,27380.16,27390.79,107.70579
496,2023-10-04 04:45:00,27390.09,27405.53,27384.25,27388.69,100.00679
497,2023-10-04 05:00:00,27388.68,27395.48,27371.24,27379.01,127.92199
498,2023-10-04 05:15:00,27379.01,27385.35,27357.1,27385.34,160.05591
499,2023-10-04 05:30:00,27385.34,27406.86,27375.46,27405.33,129.77929
500,2023-10-04 05:45:00,27405.33,27407.42,27396.38,27407.18,134.2425
501,2023-10-04 06:00:00,27407.18,27416.36,27375.82,27396.52,124.43739
502,2023-10-04 06:15:00,27396.51,27399.0,27350.75,27357.66,151.39866
503,2023-10-04 06:30:00,27357.66,27387.74,27353.86,27387.58,136.69226
504,2023-10-04 06:45:00,27387.58,27419.99,27387.57,27419.99,179.71959
505,2023-10-04 07:00:00,27419.99,27454.98,27413.31,27435.01,206.11607
506,2023-10-04 07:15:00,27435.01,27449.96,27414.76,27414.87,144.35429
507,2023-10-04 07:30:00,27414.87,27428.23,27405.5,27428.22,126.70468
508,2023-10-04 07:45:00,27428.22,27453.78,27426.94,27453.78,220.49612
509,2023-10-04 08:00:00,27453.77,27467.99,27445.0,27453.2,136.51279
510,2023-10-04 08:15:00,27453.2,27485.3,27434.1,27482.0,159.80069
511,2023-10-04 08:30:00,27482.0,27538.95,27463.8,27534.98,287.04873
512,2023-10-04 08:45:00,27534.98,27574.11,27494.14,27519.93,446.71375
513,2023-10-04 09:00:00,27519.93,27554.56,27507.31,27554.56,231.67786
514,2023-10-04 09:15:00,27554.55,27580.0,27538.1,27542.12,289.02647
515,2023-10-04 09:30:00,27542.11,27585.12,27542.11,27580.17,252.4736
516,2023-10-04 09:45:00,27580.16,27638.87,27580.16,27630.0,425.44569
517,2023-10-04 10:00:00,27630.01,27643.09,27571.81,27615.49,459.3385
518,2023-10-04 10:15:00,27615.49,27615.49,27526.32,27534.46,349.3634
519,2023-10-04 10:30:00,27534.47,27557.64,27523.98,27545.0,205.36056
520,2023-10-04 10:45:00,27544.99,27545.0,27520.28,27530.05,209.57318
521,2023-10-04 11:00:00,27530.06,27557.59,27524.16,27551.47,222.73171
522,2023-10-04 11:15:00,27551.46,27583.92,27551.46,27579.18,161.36003
523,2023-10-04 11:30:00,27579.17,27603.75,27561.77,27603.75,232.30344
524,2023-10-04 11:45:00,27603.75,27603.75,27539.94,27572.43,520.12128
525,2023-10-04 12:00:00,27572.43,27592.32,27540.17,27552.89,214.03565
526,2023-10-04 12:15:00,27552.88,27608.0,27552.88,27602.24,355.86442
527,2023-10-04 12:30:00,27602.23,27626.9,27586.17,27622.0,284.37846
528,2023-10-04 12:45:00,27622.0,27633.42,27556.27,27570.02,335.93932
529,2023-10-04 13:00:00,27570.02,27577.57,27534.09,27568.23,400.51918
530,2023-10-04 13:15:00,27568.22,27569.07,27501.24,27526.41,300.14437
531,2023-10-04 13:30:00,27526.4,27562.69,27463.66,27487.25,375.30838
532,2023-10-04 13:45:00,27487.25,27513.99,27403.4,27420.0,774.75469
533,2023-10-04 14:00:00,27419.99,27462.08,27368.01,27448.72,557.10006
534,2023-10-04 14:15:00,27448.73,27451.2,27345.09,27355.31,395.74274
535,2023-10-04 14:30:00,27355.31,27431.2,27355.3,27405.01,355.46083
536,2023-10-04 14:45:00,27405.01,27412.62,27329.85,27386.94,349.14878
537,2023-10-04 15:00:00,27386.93,27433.58,27363.69,27428.73,366.32135
538,2023-10-04 15:15:00,27428.74,27461.2,27407.57,27459.56,281.66145
539,2023-10-04 15:30:00,27459.55,27475.0,27426.18,27431.57,324.52482
540,2023-10-04 15:45:00,27431.57,27456.29,27393.62,27404.22,268.76691
541,2023-10-04 16:00:00,27404.21,27425.26,27400.94,27409.58,209.61189
542,2023-10-04 16:15:00,27409.58,27464.66,27409.58,27464.46,357.0855
543,2023-10-04 16:30:00,27464.47,27597.45,27452.25,27538.53,574.20193
544,2023-10-04 16:45:00,27538.53,27590.0,27508.94,27524.06,327.68062
545,2023-10-04 17:00:00,27524.07,27562.07,27506.14,27557.02,218.95809
546,2023-10-04 17:15:00,27557.02,27590.63,27530.36,27530.37,180.23685
547,2023-10-04 17:30:00,27530.37,27541.0,27508.7,27536.01,161.24326
548,2023-10-04 17:45:00,27536.02,27562.63,27510.63,27539.51,170.65047
549,2023-10-04 18:00:00,27539.5,27589.0,27530.49,27578.08,242.94757
550,2023-10-04 18:15:00,27578.08,27589.95,27524.87,27559.25,231.81392
551,2023-10-04 18:30:00,27559.24,27579.85,27522.0,27533.25,193.02032
552,2023-10-04 18:45:00,27533.25,27630.0,27525.0,27627.42,263.52018
553,2023-10-04 19:00:00,27627.42,27839.72,27627.41,27778.31,1371.77412
554,2023-10-04 19:15:00,27778.32,27836.41,27704.23,27761.18,645.47826
555,2023-10-04 19:30:00,27761.18,27768.04,27527.2,27617.44,867.71497
556,2023-10-04 19:45:00,27617.45,27674.6,27600.01,27618.1,486.57309
557,2023-10-04 20:00:00,27618.1,27674.36,27564.71,27670.0,393.76024
558,2023-10-04 20:15:00,27669.99,27739.14,27645.56,27699.07,489.26855
559,2023-10-04 20:30:00,27699.07,27733.24,27678.82,27707.22,258.60401
560,2023-10-04 20:45:00,27707.22,27709.49,27645.78,27648.98,237.18992
561,2023-10-04 21:00:00,27648.99,27752.5,27647.65,27725.01,253.08489
562,2023-10-04 21:15:00,27725.01,27742.66,27700.4,27728.63,177.19053
563,2023-10-04 21:30:00,27728.63,27788.85,27710.01,27725.72,162.54267
564,2023-10-04 21:45:00,27725.73,27725.73,27686.59,27686.59,69.40795
565,2023-10-04 22:00:00,27686.6,27729.8,27685.0,27705.19,115.31707
566,2023-10-04 22:15:00,27705.19,27705.97,27660.8,27697.47,203.69113
567,2023-10-04 22:30:00,27697.46,27774.57,27697.46,27756.77,194.45529
568,2023-10-04 22:45:00,27756.76,27777.48,27740.0,27752.75,172.1042
569,2023-10-04 23:00:00,27752.75,27812.4,27752.74,27773.87,255.31693
570,2023-10-04 23:15:00,27773.88,27831.51,27773.87,27787.65,292.98412
571,2023-10-04 23:30:00,27787.65,27824.94,27776.55,27778.83,230.30894
572,2023-10-04 23:45:00,27778.83,27794.14,27778.55,27778.57,185.51599
573,2023-10-05 00:00:00,27778.57,27790.81,27732.47,27739.88,280.45472
574,2023-10-05 00:15:00,27739.88,27770.0,27722.44,27744.84,211.01125
575,2023-10-05 00:30:00,27744.84,27801.01,27723.79,27791.67,211.2152
576,2023-10-05 00:45:00,27791.67,27896.07,27785.0,27811.78,484.23515
577,2023-10-05 01:00:00,27811.79,27812.41,27736.9,27759.58,243.42718
578,2023-10-05 01:15:00,27759.58,27759.59,27708.03,27722.31,252.40519
579,2023-10-05 01:30:00,27722.31,27738.08,27688.22,27711.78,201.12837
580,2023-10-05 01:45:00,27711.78,27741.94,27695.71,27732.16,192.80302
581,2023-10-05 02:00:00,27732.15,27738.13,27692.91,27702.36,165.10278
582,2023-10-05 02:15:00,27702.36,27711.7,27674.04,27681.28,157.5186
583,2023-10-05 02:30:00,27681.28,27697.7,27671.84,27693.42,146.79799
584,2023-10-05 02:45:00,27693.43,27702.26,27660.89,27677.67,152.49231
585,2023-10-05 03:00:00,27677.67,27690.78,27671.4,27689.22,106.26577
586,2023-10-05 03:15:00,27689.22,27709.53,27673.51,27707.1,121.64809
587,2023-10-05 03:30:00,27707.1,27707.1,27671.95,27671.95,89.62293
588,2023-10-05 03:45:00,27671.96,27680.0,27650.01,27651.73,120.31783
589,2023-10-05 04:00:00,27651.73,27662.52,27638.36,27658.59,115.65058
590,2023-10-05 04:15:00,27658.6,27687.31,27647.37,27668.75,177.47756
591,2023-10-05 04:30:00,27668.74,27684.54,27668.17,27684.54,84.63205
592,2023-10-05 04:45:00,27684.53,27698.25,27655.46,27692.91,125.72309
593,2023-10-05 05:00:00,27692.91,27702.2,27681.0,27699.99,110.7896
594,2023-10-05 05:15:00,27699.99,27700.0,27670.0,27676.34,89.9984
595,2023-10-05 05:30:00,27676.35,27697.54,27668.58,27686.49,133.77524
596,2023-10-05 05:45:00,27686.49,27686.5,27641.3,27641.31,147.86417
597,2023-10-05 06:00:00,27641.31,27662.22,27627.29,27649.5,229.17807
598,2023-10-05 06:15:00,27649.5,27653.25,27624.1,27626.85,241.55559
599,2023-10-05 06:30:00,27626.85,27660.35,27609.7,27658.92,238.66404
600,2023-10-05 06:45:00,27658.92,27665.0,27658.0,27660.75,87.90083
601,2023-10-05 07:00:00,27660.75,27660.76,27609.49,27609.5,124.86022
602,2023-10-05 07:15:00,27609.5,27633.51,27573.0,27595.02,331.87633
603,2023-10-05 07:30:00,27595.01,27602.12,27550.77,27591.55,307.75371
604,2023-10-05 07:45:00,27591.55,27610.33,27578.38,27607.98,117.39778
605,2023-10-05 08:00:00,27607.98,27614.38,27595.29,27604.4,126.4775
606,2023-10-05 08:15:00,27604.39,27607.16,27593.23,27607.16,79.82433
607,2023-10-05 08:30:00,27607.15,27635.85,27607.15,27633.32,166.98354
608,2023-10-05 08:45:00,27633.33,27666.0,27633.32,27649.63,199.09755
609,2023-10-05 09:00:00,27649.62,27680.0,27635.38,27675.8,234.34299
610,2023-10-05 09:15:00,27675.81,27725.96,27667.92,27686.14,267.92714
611,2023-10-05 09:30:00,27686.15,27707.48,27673.57,27675.2,140.91773
612,2023-10-05 09:45:00,27675.21,27700.0,27675.2,27684.68,126.4645
613,2023-10-05 10:00:00,27684.67,27701.8,27675.31,27677.76,143.65428
614,2023-10-05 10:15:00,27677.75,27679.11,27661.13,27668.99,199.82968
615,2023-10-05 10:30:00,27669.0,27701.03,27666.42,27696.97,182.61817
616,2023-10-05 10:45:00,27696.97,27746.83,27696.97,27736.98,196.74745
617,2023-10-05 11:00:00,27736.98,27743.06,27710.01,27713.39,187.42179
618,2023-10-05 11:15:00,27713.38,27725.57,27702.61,27725.56,129.27624
619,2023-10-05 11:30:00,27725.56,27774.55,27715.95,27764.13,331.7002
620,2023-10-05 11:45:00,27764.12,27764.13,27723.8,27725.68,180.23735
621,2023-10-05 12:00:00,27725.68,27763.59,27690.01,27699.75,277.68169
622,2023-10-05 12:15:00,27699.75,27727.58,27686.8,27704.99,333.53511
623,2023-10-05 12:30:00,27705.0,27715.24,27677.33,27696.93,244.24683
624,2023-10-05 12:45:00,27696.93,27724.57,27696.93,27724.35,160.92248
625,2023-10-05 13:00:00,27724.36,27876.37,27724.35,27851.41,578.21121
626,2023-10-05 13:15:00,27851.4,28061.0,27850.0,28013.37,1502.02788
627,2023-10-05 13:30:00,28013.37,28099.0,27931.6,27951.68,1171.58616
628,2023-10-05 13:45:00,27951.68,28024.73,27890.94,27992.76,883.00636
629,2023-10-05 14:00:00,27992.76,28018.95,27924.98,28018.94,693.90832
630,2023-10-05 14:15:00,28018.94,28120.39,27970.75,28061.86,980.69729
631,2023-10-05 14:30:00,28061.86,28087.29,27935.59,27969.99,723.52091
632,2023-10-05 14:45:00,27970.0,28008.0,27950.83,27960.61,391.52535
633,2023-10-05 15:00:00,27960.61,27970.0,27737.61,27786.94,1471.74734
634,2023-10-05 15:15:00,27786.93,27848.99,27650.01,27669.63,1116.13327
635,2023-10-05 15:30:00,27669.64,27669.64,27403.59,27582.76,2137.84313
636,2023-10-05 15:45:00,27582.77,27620.59,27541.12,27555.0,479.40342
637,2023-10-05 16:00:00,27555.0,27617.57,27363.93,27487.78,1238.52803
638,2023-10-05 16:15:00,27487.77,27520.0,27421.3,27471.57,578.16299
639,2023-10-05 16:30:00,27471.57,27527.37,27401.0,27414.35,560.52392
640,2023-10-05 16:45:00,27414.34,27457.22,27380.0,27446.63,528.37021
641,2023-10-05 17:00:00,27446.63,27466.59,27385.0,27437.54,340.31653
642,2023-10-05 17:15:00,27437.53,27463.5,27352.0,27463.5,549.51831
643,2023-10-05 17:30:00,27463.5,27535.89,27453.16,27531.45,483.55257
644,2023-10-05 17:45:00,27531.45,27532.36,27470.31,27483.43,245.34076
645,2023-10-05 18:00:00,27483.43,27510.93,27425.52,27477.48,286.50269
646,2023-10-05 18:15:00,27477.49,27503.5,27416.26,27429.67,324.18093
647,2023-10-05 18:30:00,27429.67,27535.52,27417.57,27523.88,381.26923
648,2023-10-05 18:45:00,27523.88,27530.0,27485.96,27495.08,163.6711
649,2023-10-05 19:00:00,27495.08,27504.92,27451.82,27504.91,192.9366
650,2023-10-05 19:15:00,27504.91,27525.0,27494.94,27518.76,160.76189
651,2023-10-05 19:30:00,27518.75,27521.24,27454.0,27454.01,175.01558
652,2023-10-05 19:45:00,27454.0,27485.3,27432.12,27471.28,199.19329
653,2023-10-05 20:00:00,27471.28,27494.23,27452.05,27465.57,121.97292
654,2023-10-05 20:15:00,27465.57,27500.58,27435.72,27441.36,168.16079
655,2023-10-05 20:30:00,27441.37,27452.92,27410.0,27440.31,242.05786
656,2023-10-05 20:45:00,27440.32,27472.91,27430.0,27472.65,184.7727
657,2023-10-05 21:00:00,27472.65,27495.0,27464.99,27495.0,108.61167
658,2023-10-05 21:15:00,27494.99,27509.45,27455.01,27486.01,131.9901
659,2023-10-05 21:30:00,27486.01,27490.0,27456.0,27464.23,97.37192
660,2023-10-05 21:45:00,27464.23,27468.9,27450.0,27450.0,96.7418
661,2023-10-05 22:00:00,27450.01,27450.01,27388.0,27410.15,298.82066
662,2023-10-05 22:15:00,27410.15,27444.74,27391.24,27443.54,247.63993
663,2023-10-05 22:30:00,27443.53,27468.2,27437.5,27467.29,144.77866
664,2023-10-05 22:45:00,27467.29,27467.3,27430.54,27435.26,123.4709
665,2023-10-05 23:00:00,27435.26,27460.5,27435.26,27454.55,98.83729
666,2023-10-05 23:15:00,27454.54,27457.0,27405.23,27405.23,139.05973
667,2023-10-05 23:30:00,27405.23,27437.8,27400.11,27437.8,120.54193
668,2023-10-05 23:45:00,27437.79,27441.99,27409.88,27410.39,107.76187
669,2023-10-06 00:00:00,27410.39,27427.82,27400.0,27412.49,332.98866
670,2023-10-06 00:15:00,27412.49,27453.07,27389.99,27453.06,345.80691
671,2023-10-06 00:30:00,27453.07,27466.18,27441.64,27459.85,121.97025
672,2023-10-06 00:45:00,27459.84,27470.0,27433.0,27457.17,132.41119
673,2023-10-06 01:00:00,27457.17,27542.49,27453.44,27489.27,474.59997
674,2023-10-06 01:15:00,27489.28,27496.12,27477.1,27490.4,119.63077
675,2023-10-06 01:30:00,27490.4,27531.34,27490.39,27521.19,169.95591
676,2023-10-06 01:45:00,27521.19,27537.0,27514.13,27516.87,133.39681
677,2023-10-06 02:00:00,27516.88,27586.0,27516.51,27550.99,319.06029
678,2023-10-06 02:15:00,27550.99,27590.0,27530.41,27575.0,356.6878
679,2023-10-06 02:30:00,27575.01,27575.01,27536.24,27552.81,125.34842
680,2023-10-06 02:45:00,27552.8,27570.23,27540.0,27541.63,122.7994
681,2023-10-06 03:00:00,27541.63,27570.0,27530.85,27559.64,104.96324
682,2023-10-06 03:15:00,27559.63,27570.0,27548.58,27548.59,75.08239
683,2023-10-06 03:30:00,27548.58,27577.0,27548.58,27567.16,124.58874
684,2023-10-06 03:45:00,27567.17,27572.02,27546.25,27559.2,133.97589
685,2023-10-06 04:00:00,27559.2,27560.97,27535.24,27541.02,139.61738
686,2023-10-06 04:15:00,27541.02,27541.02,27523.42,27526.81,116.83648
687,2023-10-06 04:30:00,27526.8,27526.81,27503.73,27512.83,157.37465
688,2023-10-06 04:45:00,27512.84,27532.0,27488.5,27527.87,315.23954
689,2023-10-06 05:00:00,27527.87,27532.0,27480.0,27484.76,148.92015
690,2023-10-06 05:15:00,27484.75,27495.0,27478.33,27480.95,104.21424
691,2023-10-06 05:30:00,27480.95,27501.99,27477.84,27493.57,107.68993
692,2023-10-06 05:45:00,27493.57,27500.0,27480.0,27499.99,113.96213
693,2023-10-06 06:00:00,27499.99,27514.46,27479.05,27487.95,115.18535
694,2023-10-06 06:15:00,27487.94,27519.4,27484.31,27500.54,135.86978
695,2023-10-06 06:30:00,27500.54,27519.4,27475.9,27477.41,147.15803
696,2023-10-06 06:45:00,27477.41,27497.39,27464.48,27491.66,153.38077
697,2023-10-06 07:00:00,27491.65,27521.48,27482.82,27505.59,188.0776
698,2023-10-06 07:15:00,27505.59,27562.41,27492.59,27535.5,212.38445
699,2023-10-06 07:30:00,27535.5,27607.61,27533.14,27600.35,343.824
700,2023-10-06 07:45:00,27600.35,27651.0,27600.34,27638.52,524.40068
701,2023-10-06 08:00:00,27638.51,27659.29,27621.36,27639.46,314.19466
702,2023-10-06 08:15:00,27639.47,27662.19,27603.95,27662.19,341.02773
703,2023-10-06 08:30:00,27662.18,27668.2,27610.65,27631.17,244.32687
704,2023-10-06 08:45:00,27631.16,27650.0,27611.27,27616.68,141.62036
705,2023-10-06 09:00:00,27616.68,27631.24,27588.53,27609.12,192.97084
706,2023-10-06 09:15:00,27609.12,27650.0,27609.12,27647.68,346.41773
707,2023-10-06 09:30:00,27647.68,27682.0,27631.95,27668.05,254.53332
708,2023-10-06 09:45:00,27668.06,27705.85,27662.76,27690.6,293.36779
709,2023-10-06 10:00:00,27690.6,27727.04,27675.7,27693.39,312.86124
710,2023-10-06 10:15:00,27693.39,27769.43,27693.38,27768.08,452.19887
711,2023-10-06 10:30:00,27768.07,27801.0,27736.75,27740.12,491.38695
712,2023-10-06 10:45:00,27740.12,27740.13,27664.8,27670.5,336.72674
713,2023-10-06 11:00:00,27670.49,27685.06,27609.71,27685.06,422.13746
714,2023-10-06 11:15:00,27685.05,27712.61,27672.63,27699.45,285.60714
715,2023-10-06 11:30:00,27699.45,27718.91,27678.2,27699.99,292.90545
716,2023-10-06 11:45:00,27700.0,27770.0,27677.17,27760.0,482.44679
717,2023-10-06 12:00:00,27760.0,27768.2,27710.0,27739.63,324.68311
718,2023-10-06 12:15:00,27739.62,27760.0,27688.65,27688.66,219.16395
719,2023-10-06 12:30:00,27688.65,27688.66,27497.14,27530.35,1811.26967
720,2023-10-06 12:45:00,27530.36,27539.0,27207.63,27252.99,1907.59217
721,2023-10-06 13:00:00,27252.99,27401.02,27175.94,27390.57,1275.70906
722,2023-10-06 13:15:00,27390.58,27431.6,27371.36,27391.86,475.26136
723,2023-10-06 13:30:00,27391.86,27707.52,27383.65,27505.0,1538.4984
724,2023-10-06 13:45:00,27505.0,27560.0,27448.45,27526.1,579.99298
725,2023-10-06 14:00:00,27526.1,27561.08,27467.14,27560.64,465.05101
726,2023-10-06 14:15:00,27560.64,27660.0,27491.36,27640.0,652.28269
727,2023-10-06 14:30:00,27640.0,27706.58,27621.49,27625.4,618.6314
728,2023-10-06 14:45:00,27625.39,27683.59,27594.94,27670.0,481.26067
729,2023-10-06 15:00:00,27670.0,27727.09,27647.28,27725.97,421.8542
730,2023-10-06 15:15:00,27725.97,27834.0,27632.55,27826.42,846.20891
731,2023-10-06 15:30:00,27826.41,28010.0,27824.12,27954.99,1688.78409
732,2023-10-06 15:45:00,27955.0,28044.86,27894.11,27941.12,1267.76704
733,2023-10-06 16:00:00,27941.12,28023.51,27908.74,27917.26,1143.06879
734,2023-10-06 16:15:00,27917.27,27939.99,27800.0,27872.88,1000.4613
735,2023-10-06 16:30:00,27872.88,27938.76,27838.03,27938.76,362.37716
736,2023-10-06 16:45:00,27938.76,27941.17,27861.82,27877.74,244.93106
737,2023-10-06 17:00:00,27877.73,27906.99,27789.14,27848.89,373.95238
738,2023-10-06 17:15:00,27848.89,27922.68,27822.45,27906.82,336.52409
739,2023-10-06 17:30:00,27906.82,28005.68,27906.81,27989.37,560.3192
740,2023-10-06 17:45:00,27989.36,27989.37,27933.21,27958.52,234.85713
741,2023-10-06 18:00:00,27958.53,27993.56,27905.84,27930.56,321.67108
742,2023-10-06 18:15:00,27930.55,27981.7,27892.05,27981.69,261.12989
743,2023-10-06 18:30:00,27981.7,27981.7,27905.0,27918.59,229.66848
744,2023-10-06 18:45:00,27918.6,27918.71,27866.66,27904.12,362.19363
745,2023-10-06 19:00:00,27904.12,27930.0,27877.59,27925.0,204.87507
746,2023-10-06 19:15:00,27925.01,28038.0,27909.32,28019.2,495.89945
747,2023-10-06 19:30:00,28019.2,28032.19,27921.43,27923.7,375.92917
748,2023-10-06 19:45:00,27923.7,27977.44,27899.91,27952.36,562.40518
749,2023-10-06 20:00:00,27952.35,27975.0,27895.47,27965.0,257.70261
750,2023-10-06 20:15:00,27965.0,28017.38,27948.69,27977.96,226.35235
751,2023-10-06 20:30:00,27977.96,28017.55,27977.96,27997.19,179.50518
752,2023-10-06 20:45:00,27997.18,28000.0,27957.8,27977.6,179.68038
753,2023-10-06 21:00:00,27977.59,27980.01,27932.72,27932.72,109.22949
754,2023-10-06 21:15:00,27932.73,27997.53,27930.11,27997.53,153.59157
755,2023-10-06 21:30:00,27997.52,28295.0,27986.02,28105.8,1360.53016
756,2023-10-06 21:45:00,28105.79,28176.44,28042.37,28042.37,556.55148
757,2023-10-06 22:00:00,28042.38,28130.0,28015.15,28130.0,385.53996
758,2023-10-06 22:15:00,28130.0,28137.53,28033.61,28040.01,201.04829
759,2023-10-06 22:30:00,28040.01,28041.51,28003.75,28028.52,191.05943
760,2023-10-06 22:45:00,28028.52,28075.0,27966.85,27971.25,231.09208
761,2023-10-06 23:00:00,27971.25,27980.01,27916.64,27925.95,318.14772
762,2023-10-06 23:15:00,27925.95,27948.68,27877.6,27906.59,314.78384
763,2023-10-06 23:30:00,27906.59,27942.9,27896.04,27926.97,161.91837
764,2023-10-06 23:45:00,27926.97,27947.86,27926.96,27931.09,90.10435
765,2023-10-07 00:00:00,27931.1,27955.9,27906.88,27918.02,196.84992
766,2023-10-07 00:15:00,27918.02,27929.43,27842.08,27923.41,575.78426
767,2023-10-07 00:30:00,27923.4,27923.41,27895.53,27916.55,169.71801
768,2023-10-07 00:45:00,27916.56,27929.56,27899.04,27912.91,176.8968
769,2023-10-07 01:00:00,27912.92,27953.27,27912.91,27939.67,240.42382
770,2023-10-07 01:15:00,27939.67,27939.67,27879.95,27889.88,204.34942
771,2023-10-07 01:30:00,27889.87,27902.89,27871.36,27884.3,125.88792
772,2023-10-07 01:45:00,27884.29,27906.78,27882.96,27901.94,106.02965
773,2023-10-07 02:00:00,27901.95,27919.06,27871.99,27872.34,127.86946
774,2023-10-07 02:15:00,27872.35,27908.37,27872.34,27906.43,121.44438
775,2023-10-07 02:30:00,27906.43,27909.06,27884.42,27890.0,98.16305
776,2023-10-07 02:45:00,27890.0,27907.1,27875.0,27878.83,109.429
777,2023-10-07 03:00:00,27878.84,27915.79,27871.69,27891.29,164.68904
778,2023-10-07 03:15:00,27891.3,27918.63,27887.11,27910.7,102.99942
779,2023-10-07 03:30:00,27910.7,27944.8,27910.63,27917.47,169.08674
780,2023-10-07 03:45:00,27917.48,27919.01,27900.4,27900.41,93.64253
781,2023-10-07 04:00:00,27900.41,27921.0,27900.4,27920.83,93.62952
782,2023-10-07 04:15:00,27920.83,27931.8,27914.38,27917.77,163.01279
783,2023-10-07 04:30:00,27917.78,27928.96,27914.67,27928.5,62.0467
784,2023-10-07 04:45:00,27928.5,27935.23,27915.01,27915.01,43.61825
785,2023-10-07 05:00:00,27915.02,27925.29,27900.4,27901.26,78.20342
786,2023-10-07 05:15:00,27901.27,27918.72,27901.26,27918.72,78.29082
787,2023-10-07 05:30:00,27918.71,27944.84,27906.91,27910.22,128.25077
788,2023-10-07 05:45:00,27910.21,27911.4,27887.36,27900.44,103.29306
789,2023-10-07 06:00:00,27900.45,27900.45,27875.0,27875.01,121.10862
790,2023-10-07 06:15:00,27875.01,27902.79,27875.0,27895.69,141.30794
791,2023-10-07 06:30:00,27895.69,27911.66,27891.0,27906.49,88.46693
792,2023-10-07 06:45:00,27906.48,27908.13,27890.0,27890.01,81.66106
793,2023-10-07 07:00:00,27890.02,27904.84,27879.68,27904.84,195.00826
794,2023-10-07 07:15:00,27904.83,27913.76,27895.0,27913.75,116.11521
795,2023-10-07 07:30:00,27913.75,27918.03,27903.64,27903.64,109.37811
796,2023-10-07 07:45:00,27903.65,27903.67,27888.0,27890.8,141.33966
797,2023-10-07 08:00:00,27890.79,27905.45,27880.01,27905.44,125.73318
798,2023-10-07 08:15:00,27905.44,27918.59,27894.89,27918.58,106.59426
799,2023-10-07 08:30:00,27918.59,28020.32,27918.58,28005.0,431.48727
800,2023-10-07 08:45:00,28005.0,28013.86,27965.53,28006.61,233.94014
801,2023-10-07 09:00:00,28006.61,28029.67,27975.38,27983.6,181.71608
802,2023-10-07 09:15:00,27983.61,27987.39,27951.14,27968.21,143.20121
803,2023-10-07 09:30:00,27968.2,27969.5,27947.28,27947.29,137.52739
804,2023-10-07 09:45:00,27947.29,27967.39,27935.72,27951.74,124.1268
805,2023-10-07 10:00:00,27951.74,27962.1,27945.0,27945.01,80.85455
806,2023-10-07 10:15:00,27945.01,27953.11,27930.0,27930.01,104.59399
807,2023-10-07 10:30:00,27930.0,27940.23,27927.95,27931.31,56.66014
808,2023-10-07 10:45:00,27931.32,27955.26,27930.3,27947.1,90.55243
809,2023-10-07 11:00:00,27947.1,27978.99,27947.1,27974.36,107.08131
810,2023-10-07 11:15:00,27974.36,28011.96,27972.32,28002.75,546.44303
811,2023-10-07 11:30:00,28002.76,28013.54,27963.07,27963.07,202.66113
812,2023-10-07 11:45:00,27963.08,27977.28,27932.81,27942.12,232.37632
813,2023-10-07 12:00:00,27942.12,27958.38,27940.0,27954.99,125.96081
814,2023-10-07 12:15:00,27954.99,27986.27,27954.99,27964.71,143.25044
815,2023-10-07 12:30:00,27964.71,27974.73,27950.31,27950.32,102.36554
816,2023-10-07 12:45:00,27950.31,27968.68,27945.64,27958.99,88.27087
817,2023-10-07 13:00:00,27958.99,27975.9,27953.87,27975.9,143.93127
818,2023-10-07 13:15:00,27975.89,27975.9,27940.66,27946.65,114.31487
819,2023-10-07 13:30:00,27946.65,27957.49,27903.72,27903.73,129.4855
820,2023-10-07 13:45:00,27903.72,27946.15,27895.28,27938.91,142.14684
821,2023-10-07 14:00:00,27938.9,27938.91,27913.89,27916.85,75.84729
822,2023-10-07 14:15:00,27916.85,27935.78,27916.84,27935.78,107.314
823,2023-10-07 14:30:00,27935.78,27949.91,27923.16,27949.75,92.00645
824,2023-10-07 14:45:00,27949.76,27955.41,27941.07,27952.48,112.5478
825,2023-10-07 15:00:00,27952.47,27962.29,27944.79,27946.01,107.43473
826,2023-10-07 15:15:00,27946.0,27971.82,27945.08,27956.08,96.75154
827,2023-10-07 15:30:00,27956.08,27959.51,27898.71,27915.59,203.63248
828,2023-10-07 15:45:00,27915.58,27945.0,27915.58,27939.8,99.52452
829,2023-10-07 16:00:00,27939.8,27949.81,27930.01,27942.17,137.35878
830,2023-10-07 16:15:00,27942.16,27950.0,27942.16,27949.99,88.79285
831,2023-10-07 16:30:00,27949.99,27964.2,27945.75,27947.12,158.62264
832,2023-10-07 16:45:00,27947.11,27960.0,27940.88,27940.88,112.71055
833,2023-10-07 17:00:00,27940.89,27946.48,27925.99,27932.06,113.14036
834,2023-10-07 17:15:00,27932.05,27936.02,27902.48,27934.69,194.11726
835,2023-10-07 17:30:00,27934.68,27961.48,27930.0,27956.73,107.40908
836,2023-10-07 17:45:00,27956.74,27956.74,27930.0,27933.15,123.80698
837,2023-10-07 18:00:00,27933.16,27943.09,27927.19,27943.08,129.38708
838,2023-10-07 18:15:00,27943.09,27946.6,27913.0,27921.8,173.54482
839,2023-10-07 18:30:00,27921.8,27923.72,27891.63,27891.76,186.85197
840,2023-10-07 18:45:00,27891.75,27910.58,27862.34,27891.19,329.14288
841,2023-10-07 19:00:00,27891.2,27906.9,27869.8,27906.89,179.92353
842,2023-10-07 19:15:00,27906.9,27906.9,27881.92,27887.77,102.41433
843,2023-10-07 19:30:00,27887.76,27920.0,27887.04,27913.91,92.14074
844,2023-10-07 19:45:00,27913.91,27920.0,27850.0,27865.48,169.2188
845,2023-10-07 20:00:00,27865.49,27895.0,27856.66,27892.26,168.83193
846,2023-10-07 20:15:00,27892.27,27896.3,27875.5,27875.5,120.15601
847,2023-10-07 20:30:00,27875.5,27899.93,27875.5,27896.57,72.66104
848,2023-10-07 20:45:00,27896.56,27925.92,27890.8,27925.55,85.50437
849,2023-10-07 21:00:00,27925.55,27929.49,27913.31,27926.96,154.78469
850,2023-10-07 21:15:00,27926.96,27939.43,27926.95,27939.42,76.51001
851,2023-10-07 21:30:00,27939.42,27956.74,27924.56,27955.62,158.89464
852,2023-10-07 21:45:00,27955.61,27955.62,27931.9,27931.9,59.35045
853,2023-10-07 22:00:00,27931.91,27954.93,27931.9,27954.92,82.50385
854,2023-10-07 22:15:00,27954.93,27954.93,27924.14,27938.39,202.52617
855,2023-10-07 22:30:00,27938.39,27951.35,27936.97,27949.42,70.92796
856,2023-10-07 22:45:00,27949.43,27953.41,27941.61,27951.03,81.71934
857,2023-10-07 23:00:00,27951.03,27959.55,27943.64,27947.23,104.8683
858,2023-10-07 23:15:00,27947.23,27953.57,27947.23,27951.71,63.78707
859,2023-10-07 23:30:00,27951.7,27959.75,27945.04,27952.51,74.45774
860,2023-10-07 23:45:00,27952.51,27958.64,27952.5,27956.67,54.44331
861,2023-10-08 00:00:00,27956.67,27965.2,27950.76,27964.8,76.51396
862,2023-10-08 00:15:00,27964.79,27967.04,27954.16,27962.21,80.36418
863,2023-10-08 00:30:00,27962.21,27975.59,27962.2,27975.58,69.68913
864,2023-10-08 00:45:00,27975.58,27983.33,27964.93,27964.93,103.42609
865,2023-10-08 01:00:00,27964.93,27973.35,27954.36,27954.37,92.61095
866,2023-10-08 01:15:00,27954.37,27954.37,27947.24,27948.28,51.53412
867,2023-10-08 01:30:00,27948.27,28029.4,27943.9,28015.01,270.24036
868,2023-10-08 01:45:00,28015.01,28023.84,27990.8,28016.27,181.86576
869,2023-10-08 02:00:00,28016.28,28021.03,28003.78,28014.93,115.70613
870,2023-10-08 02:15:00,28014.93,28092.21,28014.93,28055.98,343.12513
871,2023-10-08 02:30:00,28055.98,28069.25,27999.38,27999.38,180.73483
872,2023-10-08 02:45:00,27999.39,28018.73,27982.35,28012.64,138.43765
873,2023-10-08 03:00:00,28012.64,28049.02,27996.59,28034.02,275.94453
874,2023-10-08 03:15:00,28034.02,28081.0,28032.93,28076.51,532.54332
875,2023-10-08 03:30:00,28076.51,28095.14,28058.59,28086.24,467.91462
876,2023-10-08 03:45:00,28086.24,28089.08,28058.76,28064.87,112.87426
877,2023-10-08 04:00:00,28064.87,28076.04,27961.68,27968.2,623.92389
878,2023-10-08 04:15:00,27968.19,27998.01,27962.0,27976.7,783.28948
879,2023-10-08 04:30:00,27976.7,27986.99,27945.5,27956.18,771.75968
880,2023-10-08 04:45:00,27956.18,27956.18,27918.85,27924.19,797.09397
881,2023-10-08 05:00:00,27924.18,27940.0,27915.31,27940.0,428.13597
882,2023-10-08 05:15:00,27940.0,27940.43,27907.41,27913.34,149.07684
883,2023-10-08 05:30:00,27913.34,27936.31,27878.06,27922.9,256.31161
884,2023-10-08 05:45:00,27922.91,27941.7,27901.67,27933.91,105.64476
885,2023-10-08 06:00:00,27933.92,27948.44,27932.84,27942.9,78.22135
886,2023-10-08 06:15:00,27942.91,27953.21,27934.39,27950.0,61.49534
887,2023-10-08 06:30:00,27950.0,27950.01,27913.65,27924.05,100.00719
888,2023-10-08 06:45:00,27924.04,27924.05,27885.0,27891.82,154.35391
889,2023-10-08 07:00:00,27891.82,27918.16,27880.0,27913.01,125.81055
890,2023-10-08 07:15:00,27913.01,27920.0,27902.5,27906.03,88.10391
891,2023-10-08 07:30:00,27906.02,27919.26,27895.06,27919.25,89.11257
892,2023-10-08 07:45:00,27919.26,27919.26,27903.34,27905.61,55.12915
893,2023-10-08 08:00:00,27905.61,27905.62,27867.43,27886.27,268.45797
894,2023-10-08 08:15:00,27886.27,27937.5,27880.06,27937.5,194.14198
895,2023-10-08 08:30:00,27937.49,27937.5,27912.78,27914.87,87.10581
896,2023-10-08 08:45:00,27914.87,27914.88,27896.17,27911.55,127.64256
897,2023-10-08 09:00:00,27911.55,27933.15,27904.46,27933.15,102.55755
898,2023-10-08 09:15:00,27933.15,27934.08,27898.76,27908.25,74.75092
899,2023-10-08 09:30:00,27908.26,27908.26,27875.03,27893.83,104.35098
900,2023-10-08 09:45:00,27893.83,27907.03,27832.68,27878.8,468.99504
901,2023-10-08 10:00:00,27878.8,27895.35,27868.69,27872.36,120.11556
902,2023-10-08 10:15:00,27872.36,27882.67,27861.93,27876.71,89.87492
903,2023-10-08 10:30:00,27876.71,27876.71,27825.01,27849.58,204.89415
904,2023-10-08 10:45:00,27849.58,27849.58,27775.0,27818.77,588.58015
905,2023-10-08 11:00:00,27818.76,27850.0,27799.94,27836.52,210.43555
906,2023-10-08 11:15:00,27836.51,27836.52,27798.89,27826.62,116.03069
907,2023-10-08 11:30:00,27826.62,27848.31,27825.23,27836.65,104.5395
908,2023-10-08 11:45:00,27836.66,27852.07,27806.27,27811.63,314.99741
909,2023-10-08 12:00:00,27811.63,27829.96,27799.99,27825.49,191.50883
910,2023-10-08 12:15:00,27825.49,27872.26,27825.48,27848.24,190.89418
911,2023-10-08 12:30:00,27848.25,27867.07,27843.21,27843.21,84.86539
912,2023-10-08 12:45:00,27843.22,27854.85,27808.29,27810.2,114.1128
913,2023-10-08 13:00:00,27810.2,27820.0,27706.0,27735.72,489.83652
914,2023-10-08 13:15:00,27735.71,27920.71,27687.5,27872.89,561.07791
915,2023-10-08 13:30:00,27872.9,27926.01,27856.38,27907.52,275.41417
916,2023-10-08 13:45:00,27907.51,27999.72,27876.66,27910.75,590.49199
917,2023-10-08 14:00:00,27910.75,27948.9,27890.01,27918.91,248.91881
918,2023-10-08 14:15:00,27918.92,27918.92,27871.17,27878.96,149.87733
919,2023-10-08 14:30:00,27878.96,27957.05,27876.65,27957.05,155.38822
920,2023-10-08 14:45:00,27957.04,27980.0,27913.55,27930.72,138.81697
921,2023-10-08 15:00:00,27930.73,27952.61,27923.7,27928.17,128.79345
922,2023-10-08 15:15:00,27928.16,27930.0,27906.68,27913.64,111.11077
923,2023-10-08 15:30:00,27913.64,27913.64,27882.44,27896.08,186.2892
924,2023-10-08 15:45:00,27896.08,27907.16,27879.99,27892.74,340.09513
925,2023-10-08 16:00:00,27892.74,27937.4,27887.51,27892.2,226.53638
926,2023-10-08 16:15:00,27892.21,27907.43,27870.96,27879.73,170.66934
927,2023-10-08 16:30:00,27879.72,27927.58,27874.87,27919.3,166.4703
928,2023-10-08 16:45:00,27919.3,27927.58,27908.44,27912.59,91.70127
929,2023-10-08 17:00:00,27912.58,27948.68,27900.0,27900.01,130.97991
930,2023-10-08 17:15:00,27900.01,27908.99,27886.58,27890.28,114.57984
931,2023-10-08 17:30:00,27890.28,27898.0,27872.89,27897.99,181.07679
932,2023-10-08 17:45:00,27898.0,27898.0,27877.1,27878.8,93.28883
933,2023-10-08 18:00:00,27878.79,27878.8,27837.3,27858.24,213.75689
934,2023-10-08 18:15:00,27858.25,27858.25,27807.82,27816.74,213.08324
935,2023-10-08 18:30:00,27816.74,27854.6,27813.74,27846.82,162.58661
936,2023-10-08 18:45:00,27846.83,27874.87,27846.82,27871.88,129.22275
937,2023-10-08 19:00:00,27871.88,27919.94,27871.87,27908.83,200.44732
938,2023-10-08 19:15:00,27908.82,27914.0,27882.09,27904.98,180.82885
939,2023-10-08 19:30:00,27904.99,27910.0,27877.43,27890.25,100.65356
940,2023-10-08 19:45:00,27890.24,27895.0,27882.33,27894.99,48.00023
941,2023-10-08 20:00:00,27894.99,27895.0,27875.0,27894.49,95.08516
942,2023-10-08 20:15:00,27894.49,27894.49,27877.51,27886.82,66.25139
943,2023-10-08 20:30:00,27886.82,27930.0,27884.03,27911.88,89.9523
944,2023-10-08 20:45:00,27911.88,27926.35,27904.03,27904.04,77.67051
945,2023-10-08 21:00:00,27904.04,27949.5,27904.03,27943.46,104.96193
946,2023-10-08 21:15:00,27943.45,27943.46,27920.13,27921.09,83.39281
947,2023-10-08 21:30:00,27921.08,27980.0,27890.38,27973.54,271.08298
948,2023-10-08 21:45:00,27973.54,27973.55,27910.0,27916.89,91.12282
949,2023-10-08 22:00:00,27916.89,27940.71,27800.0,27823.25,564.85586
950,2023-10-08 22:15:00,27823.25,27927.86,27810.0,27886.15,275.4665
951,2023-10-08 22:30:00,27886.14,27907.87,27853.03,27906.28,117.56864
952,2023-10-08 22:45:00,27906.28,27922.94,27895.0,27919.01,123.71307
953,2023-10-08 23:00:00,27919.0,27942.82,27902.14,27938.22,128.79861
954,2023-10-08 23:15:00,27938.22,27941.78,27901.75,27909.99,111.777
955,2023-10-08 23:30:00,27910.0,27920.88,27895.0,27917.79,70.77096
956,2023-10-08 23:45:00,27917.8,27936.67,27917.05,27917.05,101.25896
957,2023-10-09 00:00:00,27917.06,27921.01,27880.01,27885.17,113.28289
958,2023-10-09 00:15:00,27885.17,27886.79,27817.36,27820.46,250.15609
959,2023-10-09 00:30:00,27820.45,27871.42,27811.91,27833.35,163.60728
960,2023-10-09 00:45:00,27833.35,27857.37,27800.0,27822.13,176.89459
961,2023-10-09 01:00:00,27822.12,27822.23,27796.53,27822.22,153.7084
962,2023-10-09 01:15:00,27822.23,27839.33,27821.0,27835.89,96.01479
963,2023-10-09 01:30:00,27835.88,27884.49,27832.08,27884.49,118.78865
964,2023-10-09 01:45:00,27884.49,27987.93,27884.48,27961.86,477.1135
965,2023-10-09 02:00:00,27961.85,27984.44,27920.01,27957.46,212.17393
966,2023-10-09 02:15:00,27957.46,27960.0,27935.09,27937.55,101.47109
967,2023-10-09 02:30:00,27937.54,27953.48,27932.58,27942.35,122.31411
968,2023-10-09 02:45:00,27942.35,27954.1,27938.22,27938.22,208.1608
969,2023-10-09 03:00:00,27938.22,27962.08,27936.99,27952.53,163.81118
970,2023-10-09 03:15:00,27952.53,27952.53,27917.28,27928.6,80.05932
971,2023-10-09 03:30:00,27928.6,27946.35,27920.0,27942.71,61.16828
972,2023-10-09 03:45:00,27942.7,27944.88,27919.93,27921.73,84.45566
973,2023-10-09 04:00:00,27921.72,27937.58,27921.72,27929.8,82.25479
974,2023-10-09 04:15:00,27929.8,27943.44,27929.8,27943.35,66.91468
975,2023-10-09 04:30:00,27943.36,27944.0,27939.0,27939.86,81.27774
976,2023-10-09 04:45:00,27939.86,27942.92,27926.74,27929.49,88.31515
977,2023-10-09 05:00:00,27929.49,27930.0,27914.76,27918.94,235.98088
978,2023-10-09 05:15:00,27918.95,27922.0,27886.0,27886.0,186.99863
979,2023-10-09 05:30:00,27886.01,27889.39,27870.19,27870.35,91.73844
980,2023-10-09 05:45:00,27870.35,27879.15,27860.0,27864.2,129.84747
981,2023-10-09 06:00:00,27864.21,27896.68,27857.06,27880.01,151.47713
982,2023-10-09 06:15:00,27880.01,27908.69,27864.79,27887.73,170.92354
983,2023-10-09 06:30:00,27887.73,27913.9,27880.5,27912.9,118.71871
984,2023-10-09 06:45:00,27912.9,27912.92,27901.35,27902.44,66.03846
985,2023-10-09 07:00:00,27902.43,27909.09,27878.2,27878.95,127.82662
986,2023-10-09 07:15:00,27878.95,27884.71,27827.0,27846.15,285.88772
987,2023-10-09 07:30:00,27846.14,27857.6,27815.0,27834.59,162.29581
988,2023-10-09 07:45:00,27834.59,27845.67,27808.4,27813.27,446.65452
989,2023-10-09 08:00:00,27813.27,27832.64,27805.0,27832.63,283.88248
990,2023-10-09 08:15:00,27832.63,27832.64,27815.33,27815.34,114.92954
991,2023-10-09 08:30:00,27815.34,27842.03,27715.0,27789.42,683.35949
992,2023-10-09 08:45:00,27789.42,27808.53,27724.2,27745.76,433.08264
993,2023-10-09 09:00:00,27745.77,27797.51,27730.2,27782.38,208.70385
994,2023-10-09 09:15:00,27782.37,27790.0,27754.89,27754.93,210.0199
995,2023-10-09 09:30:00,27754.93,27765.0,27679.0,27685.39,747.80932
996,2023-10-09 09:45:00,27685.39,27685.4,27435.0,27542.97,2571.63332
997,2023-10-09 10:00:00,27542.98,27608.0,27516.93,27545.48,658.62928
998,2023-10-09 10:15:00,27545.49,27576.06,27490.94,27550.44,644.84571
999,2023-10-09 10:30:00,27550.43,27550.44,27507.21,27507.21,63.7779
