,strategy,entry_date,out_date,enter_price,tp,sl,interval,status,change,strategy_long
0,support_and_resistant,2021-01-01 10:30:00,2021-01-01 11:00:00,38.6228,38.89316,38.44256,15m,tp,0.7,True
1,support_and_resistant,2021-01-02 13:30:00,2021-01-02 14:15:00,38.071,38.3375,37.89334,15m,sl,-0.47,True
2,support_and_resistant,2021-01-02 17:30:00,2021-01-02 18:15:00,38.522,38.79165,38.34223,15m,sl,-0.47,True
3,support_and_resistant,2021-01-03 12:00:00,2021-01-03 12:15:00,40.1857,40.467,39.99817,15m,tp,0.7,True
4,support_and_resistant,2021-01-07 10:00:00,2021-01-07 10:15:00,43.5425,43.8473,43.3393,15m,sl,-0.47,True
5,support_and_resistant,2021-01-07 10:30:00,2021-01-07 11:00:00,43.2993,43.6024,43.09724,15m,tp,0.7,True
6,support_and_resistant,2021-01-07 11:30:00,2021-01-07 13:00:00,43.9649,44.27265,43.75973,15m,sl,-0.47,True
7,support_and_resistant,2021-01-07 14:30:00,2021-01-07 16:00:00,44.1298,44.43871,43.92386,15m,tp,0.7,True
8,support_and_resistant,2021-01-08 09:00:00,2021-01-08 09:15:00,42.3639,42.66045,42.1662,15m,tp,0.7,True
9,support_and_resistant,2021-01-08 09:30:00,2021-01-08 10:30:00,42.7926,43.09215,42.5929,15m,tp,0.7,True
10,support_and_resistant,2021-01-10 00:15:00,2021-01-10 00:30:00,44.898,45.21229,44.68848,15m,sl,-0.47,True
11,support_and_resistant,2021-01-10 00:45:00,2021-01-10 01:15:00,44.5828,44.89488,44.37475,15m,sl,-0.47,True
12,support_and_resistant,2021-01-14 07:15:00,2021-01-14 07:30:00,41.09,41.37763,40.89825,15m,sl,-0.47,True
13,support_and_resistant,2021-01-14 10:45:00,2021-01-14 12:00:00,41.0679,41.35538,40.87625,15m,sl,-0.47,True
14,support_and_resistant,2021-01-14 14:00:00,2021-01-14 15:00:00,41.7774,42.06984,41.58244,15m,sl,-0.47,True
15,support_and_resistant,2021-01-14 15:45:00,2021-01-14 16:30:00,41.6267,41.91809,41.43244,15m,tp,0.7,True
16,support_and_resistant,2021-01-15 00:15:00,2021-01-15 01:15:00,42.1475,42.44253,41.95081,15m,tp,0.7,True
17,support_and_resistant,2021-01-15 23:15:00,2021-01-16 00:00:00,41.0179,41.30503,40.82648,15m,tp,0.7,True
18,support_and_resistant,2021-01-17 19:45:00,2021-01-17 20:00:00,45.5602,45.87912,45.34759,15m,tp,0.7,True
19,support_and_resistant,2021-01-18 00:45:00,2021-01-18 01:00:00,46.7186,47.04563,46.50058,15m,sl,-0.47,True
20,support_and_resistant,2021-01-22 14:30:00,2021-01-22 15:00:00,40.8359,41.12175,40.64533,15m,tp,0.7,True
21,support_and_resistant,2021-01-24 23:15:00,2021-01-25 00:00:00,41.6666,41.95827,41.47216,15m,tp,0.7,True
22,support_and_resistant,2021-01-25 03:45:00,2021-01-25 04:15:00,42.6653,42.96396,42.4662,15m,sl,-0.47,True
23,support_and_resistant,2021-01-25 05:00:00,2021-01-25 06:00:00,42.3866,42.68331,42.1888,15m,tp,0.7,True
24,support_and_resistant,2021-01-26 23:15:00,2021-01-26 23:45:00,41.494,41.78446,41.30036,15m,tp,0.7,True
25,support_and_resistant,2021-01-28 10:00:00,2021-01-28 10:15:00,42.6272,42.92559,42.42827,15m,sl,-0.47,True
26,support_and_resistant,2021-01-28 10:30:00,2021-01-28 12:15:00,42.4081,42.70496,42.2102,15m,sl,-0.47,True
27,support_and_resistant,2021-01-28 19:00:00,2021-01-28 20:00:00,42.3097,42.60587,42.11225,15m,tp,0.7,True
28,support_and_resistant,2021-01-28 20:15:00,2021-01-28 22:00:00,42.662,42.96063,42.46291,15m,tp,0.7,True
29,support_and_resistant,2021-01-29 12:00:00,2021-01-29 12:45:00,43.516,43.82061,43.31293,15m,tp,0.7,True
30,support_and_resistant,2021-01-30 21:00:00,2021-01-30 23:00:00,44.7267,45.03979,44.51798,15m,tp,0.7,True
31,support_and_resistant,2021-02-01 02:00:00,2021-02-01 02:15:00,44.2886,44.59862,44.08192,15m,tp,0.7,True
32,support_and_resistant,2021-02-01 09:30:00,2021-02-01 09:45:00,46.629,46.9554,46.4114,15m,tp,0.7,True
33,support_and_resistant,2021-02-01 15:30:00,2021-02-01 15:45:00,48.7149,49.0559,48.48756,15m,sl,-0.47,True
34,support_and_resistant,2021-02-01 18:30:00,2021-02-01 18:45:00,49.5718,49.9188,49.34046,15m,sl,-0.47,True
35,support_and_resistant,2021-02-01 19:00:00,2021-02-01 20:30:00,49.4412,49.78729,49.21047,15m,sl,-0.47,True
36,support_and_resistant,2021-02-01 22:00:00,2021-02-01 22:15:00,51.0901,51.44773,50.85168,15m,tp,0.7,True
37,support_and_resistant,2021-02-03 18:15:00,2021-02-03 20:00:00,51.5043,51.86483,51.26395,15m,sl,-0.47,True
38,support_and_resistant,2021-02-03 21:00:00,2021-02-03 21:30:00,51.5559,51.91679,51.31531,15m,tp,0.7,True
39,support_and_resistant,2021-02-04 05:00:00,2021-02-04 05:30:00,52.9991,53.37009,52.75177,15m,sl,-0.47,True
40,support_and_resistant,2021-02-04 17:30:00,2021-02-04 18:15:00,54.03,54.40821,53.77786,15m,tp,0.7,True
41,support_and_resistant,2021-02-04 18:30:00,2021-02-04 19:30:00,54.917,55.30142,54.66072,15m,tp,0.7,True
42,support_and_resistant,2021-02-05 01:00:00,2021-02-05 01:15:00,57.7569,58.1612,57.48737,15m,sl,-0.47,True
43,support_and_resistant,2021-02-05 12:15:00,2021-02-05 12:45:00,59.6099,60.02717,59.33172,15m,sl,-0.47,True
44,support_and_resistant,2021-02-05 13:15:00,2021-02-05 13:30:00,59.8407,60.25958,59.56144,15m,sl,-0.47,True
45,support_and_resistant,2021-02-05 13:45:00,2021-02-05 14:00:00,59.6823,60.10008,59.40378,15m,sl,-0.47,True
46,support_and_resistant,2021-02-05 14:15:00,2021-02-05 14:45:00,59.3554,59.77089,59.07841,15m,tp,0.7,True
47,support_and_resistant,2021-02-05 15:00:00,2021-02-05 15:15:00,59.4587,59.87491,59.18123,15m,tp,0.7,True
48,support_and_resistant,2021-02-05 16:00:00,2021-02-05 16:30:00,61.3568,61.7863,61.07047,15m,sl,-0.47,True
49,support_and_resistant,2021-02-05 19:00:00,2021-02-05 19:15:00,61.1993,61.6277,60.9137,15m,tp,0.7,True
50,support_and_resistant,2021-02-05 19:30:00,2021-02-05 19:45:00,62.3788,62.81545,62.0877,15m,tp,0.7,True
51,support_and_resistant,2021-02-05 20:00:00,2021-02-05 20:15:00,62.9956,63.43657,62.70162,15m,tp,0.7,True
52,support_and_resistant,2021-02-08 04:15:00,2021-02-08 04:30:00,73.3885,73.90222,73.04602,15m,tp,0.7,True
53,support_and_resistant,2021-02-08 07:45:00,2021-02-08 08:00:00,73.3846,73.89829,73.04214,15m,sl,-0.47,True
54,support_and_resistant,2021-02-08 18:00:00,2021-02-08 19:00:00,74.2774,74.79734,73.93077,15m,tp,0.7,True
55,support_and_resistant,2021-02-08 19:15:00,2021-02-08 19:30:00,75.4216,75.94955,75.06963,15m,sl,-0.47,True
56,support_and_resistant,2021-02-09 12:15:00,2021-02-09 12:30:00,94.0638,94.72225,93.62484,15m,sl,-0.47,True
57,support_and_resistant,2021-02-09 12:45:00,2021-02-09 13:00:00,92.2032,92.84862,91.77292,15m,tp,0.7,True
58,support_and_resistant,2021-02-09 14:00:00,2021-02-09 14:15:00,96.6918,97.36864,96.24057,15m,tp,0.7,True
59,support_and_resistant,2021-02-09 19:45:00,2021-02-09 20:00:00,107.7465,108.50073,107.24368,15m,sl,-0.47,True
60,support_and_resistant,2021-02-09 21:15:00,2021-02-09 21:30:00,106.8339,107.58174,106.33534,15m,tp,0.7,True
61,support_and_resistant,2021-02-10 01:45:00,2021-02-10 02:00:00,111.9292,112.7127,111.40686,15m,tp,0.7,True
62,support_and_resistant,2021-02-10 03:00:00,2021-02-10 03:15:00,115.2773,116.08424,114.73934,15m,sl,-0.47,True
63,support_and_resistant,2021-02-10 03:45:00,2021-02-10 04:00:00,117.2152,118.03571,116.6682,15m,tp,0.7,True
64,support_and_resistant,2021-02-12 12:00:00,2021-02-12 12:15:00,134.4486,135.38974,133.82117,15m,tp,0.7,True
65,support_and_resistant,2021-02-12 16:00:00,2021-02-12 16:15:00,136.8784,137.83655,136.23963,15m,tp,0.7,True
66,support_and_resistant,2021-02-15 16:45:00,2021-02-15 17:00:00,132.3743,133.30092,131.75655,15m,tp,0.7,True
67,support_and_resistant,2021-02-15 17:15:00,2021-02-15 18:45:00,132.5868,133.51491,131.96806,15m,sl,-0.47,True
68,support_and_resistant,2021-02-17 08:15:00,2021-02-17 09:00:00,130.1588,131.06991,129.55139,15m,tp,0.7,True
69,support_and_resistant,2021-02-17 14:30:00,2021-02-17 14:45:00,143.2282,144.2308,142.5598,15m,tp,0.7,True
70,support_and_resistant,2021-02-18 01:00:00,2021-02-18 01:15:00,168.4906,169.67003,167.70431,15m,sl,-0.47,True
71,support_and_resistant,2021-02-18 05:45:00,2021-02-18 06:00:00,169.3345,170.51984,168.54427,15m,tp,0.7,True
72,support_and_resistant,2021-02-18 06:15:00,2021-02-18 06:30:00,171.7489,172.95114,170.94741,15m,tp,0.7,True
73,support_and_resistant,2021-02-18 06:45:00,2021-02-18 07:00:00,177.4254,178.66738,176.59741,15m,sl,-0.47,True
74,support_and_resistant,2021-02-18 11:45:00,2021-02-18 12:00:00,186.8627,188.17074,185.99067,15m,sl,-0.47,True
75,support_and_resistant,2021-02-18 13:00:00,2021-02-18 13:15:00,188.6627,189.98334,187.78227,15m,tp,0.7,True
76,support_and_resistant,2021-02-19 08:30:00,2021-02-19 08:45:00,266.5267,268.39239,265.28291,15m,sl,-0.47,True
77,support_and_resistant,2021-02-19 11:30:00,2021-02-19 11:45:00,263.4891,265.33352,262.25948,15m,tp,0.7,True
78,support_and_resistant,2021-02-21 09:45:00,2021-02-21 10:00:00,289.4301,291.45611,288.07943,15m,tp,0.7,True
79,support_and_resistant,2021-02-21 13:00:00,2021-02-21 13:30:00,288.8175,290.83922,287.46968,15m,tp,0.7,True
80,support_and_resistant,2021-02-21 13:45:00,2021-02-21 14:00:00,293.023,295.07416,291.65556,15m,tp,0.7,True
81,support_and_resistant,2021-02-21 14:15:00,2021-02-21 14:30:00,309.1844,311.34869,307.74154,15m,sl,-0.47,True
82,support_and_resistant,2021-02-24 02:45:00,2021-02-24 03:00:00,241.1054,242.79314,239.98024,15m,tp,0.7,True
83,support_and_resistant,2021-02-24 03:15:00,2021-02-24 03:30:00,241.9723,243.66611,240.8431,15m,tp,0.7,True
84,support_and_resistant,2021-02-25 00:15:00,2021-02-25 00:30:00,258.5941,260.40426,257.38733,15m,tp,0.7,True
85,support_and_resistant,2021-02-25 13:30:00,2021-02-25 14:00:00,258.094,259.90066,256.88956,15m,tp,0.7,True
86,support_and_resistant,2021-02-26 16:30:00,2021-02-26 17:00:00,235.4471,237.09523,234.34835,15m,tp,0.7,True
87,support_and_resistant,2021-02-28 22:45:00,2021-02-28 23:00:00,208.2041,209.66153,207.23248,15m,tp,0.7,True
88,support_and_resistant,2021-02-28 23:30:00,2021-02-28 23:45:00,211.5,212.9805,210.513,15m,sl,-0.47,True
89,support_and_resistant,2021-03-01 08:45:00,2021-03-01 09:00:00,230.5862,232.2003,229.51013,15m,tp,0.7,True
90,support_and_resistant,2021-03-09 09:00:00,2021-03-09 09:15:00,252.6858,254.4546,251.5066,15m,tp,0.7,True
91,support_and_resistant,2021-03-09 15:30:00,2021-03-09 15:45:00,278.3945,280.34326,277.09533,15m,sl,-0.47,True
92,support_and_resistant,2021-03-09 17:00:00,2021-03-09 17:15:00,276.6094,278.54567,275.31856,15m,sl,-0.47,True
93,support_and_resistant,2021-03-09 20:15:00,2021-03-09 20:30:00,278.9526,280.90527,277.65082,15m,tp,0.7,True
94,support_and_resistant,2021-03-09 20:45:00,2021-03-09 21:00:00,283.191,285.17334,281.86944,15m,tp,0.7,True
95,support_and_resistant,2021-03-10 16:30:00,2021-03-10 17:00:00,287.3034,289.31452,285.96265,15m,sl,-0.47,True
96,support_and_resistant,2021-03-11 14:00:00,2021-03-11 14:15:00,315.0576,317.263,313.58733,15m,sl,-0.47,True
97,support_and_resistant,2021-03-13 06:30:00,2021-03-13 07:30:00,265.0058,266.86084,263.76911,15m,tp,0.7,True
98,support_and_resistant,2021-03-13 07:45:00,2021-03-13 08:00:00,270.4951,272.38857,269.23279,15m,tp,0.7,True
99,support_and_resistant,2021-03-13 11:00:00,2021-03-13 11:15:00,279.1301,281.08401,277.82749,15m,tp,0.7,True
100,support_and_resistant,2021-03-13 17:45:00,2021-03-13 18:00:00,278.784,280.73549,277.48301,15m,sl,-0.47,True
101,support_and_resistant,2021-03-17 22:30:00,2021-03-17 23:00:00,265.1446,267.00061,263.90726,15m,tp,0.7,True
102,support_and_resistant,2021-03-18 05:00:00,2021-03-18 05:15:00,273.147,275.05903,271.87231,15m,tp,0.7,True
103,support_and_resistant,2021-03-20 15:15:00,2021-03-20 15:30:00,270.6783,272.57305,269.41513,15m,tp,0.7,True
104,support_and_resistant,2021-03-20 16:00:00,2021-03-20 20:00:00,270.5286,272.4223,269.26613,15m,sl,-0.47,True
105,support_and_resistant,2021-03-21 19:15:00,2021-03-21 21:30:00,265.1465,267.00253,263.90915,15m,tp,0.7,True
106,support_and_resistant,2021-03-22 03:45:00,2021-03-22 04:30:00,267.9467,269.82233,266.69628,15m,sl,-0.47,True
107,support_and_resistant,2021-03-24 07:45:00,2021-03-24 08:00:00,259.6612,261.47883,258.44945,15m,tp,0.7,True
108,support_and_resistant,2021-03-24 12:45:00,2021-03-24 13:45:00,266.9461,268.81472,265.70035,15m,sl,-0.47,True
109,support_and_resistant,2021-03-26 01:15:00,2021-03-26 01:45:00,241.0223,242.70946,239.89753,15m,tp,0.7,True
110,support_and_resistant,2021-03-26 05:30:00,2021-03-26 07:00:00,242.1595,243.85462,241.02942,15m,sl,-0.47,True
111,support_and_resistant,2021-03-26 08:15:00,2021-03-26 08:30:00,247.0556,248.78499,245.90267,15m,sl,-0.47,True
112,support_and_resistant,2021-03-26 11:00:00,2021-03-26 11:15:00,247.9834,249.71928,246.82614,15m,sl,-0.47,True
113,support_and_resistant,2021-03-26 12:15:00,2021-03-26 13:15:00,249.8815,251.63067,248.71539,15m,sl,-0.47,True
114,support_and_resistant,2021-03-26 17:15:00,2021-03-26 18:45:00,250.5906,252.34473,249.42118,15m,sl,-0.47,True
115,support_and_resistant,2021-03-26 20:30:00,2021-03-26 21:45:00,252.0665,253.83097,250.89019,15m,tp,0.7,True
116,support_and_resistant,2021-03-27 20:15:00,2021-03-27 20:45:00,265.6485,267.50804,264.40881,15m,tp,0.7,True
117,support_and_resistant,2021-03-28 03:45:00,2021-03-28 04:00:00,277.9815,279.92737,276.68425,15m,sl,-0.47,True
118,support_and_resistant,2021-03-29 07:00:00,2021-03-29 07:30:00,272.2652,274.17106,270.99463,15m,tp,0.7,True
119,support_and_resistant,2021-03-30 13:15:00,2021-03-30 13:45:00,297.0396,299.11888,295.65342,15m,tp,0.7,True
120,support_and_resistant,2021-03-30 17:30:00,2021-03-30 17:45:00,299.6367,301.73416,298.2384,15m,tp,0.7,True
121,support_and_resistant,2021-03-30 18:00:00,2021-03-30 18:15:00,302.5808,304.69887,301.16876,15m,sl,-0.47,True
122,support_and_resistant,2021-03-30 23:00:00,2021-03-30 23:45:00,308.8319,310.99372,307.39068,15m,tp,0.7,True
123,support_and_resistant,2021-03-31 00:00:00,2021-03-31 00:15:00,312.6815,314.87027,311.22232,15m,tp,0.7,True
124,support_and_resistant,2021-04-01 07:00:00,2021-04-01 07:15:00,310.3988,312.57159,308.95027,15m,tp,0.7,True
125,support_and_resistant,2021-04-01 13:00:00,2021-04-01 13:15:00,316.2994,318.5135,314.82334,15m,tp,0.7,True
126,support_and_resistant,2021-04-01 13:45:00,2021-04-01 14:15:00,320.6418,322.88629,319.14547,15m,tp,0.7,True
127,support_and_resistant,2021-04-01 19:30:00,2021-04-01 20:00:00,326.5584,328.84431,325.03446,15m,tp,0.7,True
128,support_and_resistant,2021-04-01 20:30:00,2021-04-01 21:30:00,329.7387,332.04687,328.19992,15m,tp,0.7,True
129,support_and_resistant,2021-04-02 04:00:00,2021-04-02 04:30:00,341.6559,344.04749,340.06151,15m,tp,0.7,True
130,support_and_resistant,2021-04-02 04:45:00,2021-04-02 05:00:00,344.4623,346.87354,342.85481,15m,tp,0.7,True
131,support_and_resistant,2021-04-04 05:45:00,2021-04-04 07:00:00,333.5806,335.91566,332.02389,15m,tp,0.7,True
132,support_and_resistant,2021-04-04 07:30:00,2021-04-04 08:15:00,335.673,338.02271,334.10653,15m,tp,0.7,True
133,support_and_resistant,2021-04-05 18:30:00,2021-04-05 19:00:00,369.1841,371.76839,367.46124,15m,tp,0.7,True
134,support_and_resistant,2021-04-06 08:45:00,2021-04-06 09:00:00,378.7837,381.43519,377.01604,15m,tp,0.7,True
135,support_and_resistant,2021-04-08 07:30:00,2021-04-08 08:15:00,399.4019,402.19771,397.53802,15m,tp,0.7,True
136,support_and_resistant,2021-04-08 22:30:00,2021-04-09 00:45:00,416.5253,419.44098,414.58152,15m,sl,-0.47,True
137,support_and_resistant,2021-04-09 17:15:00,2021-04-09 19:00:00,444.0929,447.20155,442.02047,15m,sl,-0.47,True
138,support_and_resistant,2021-04-10 10:00:00,2021-04-10 10:15:00,482.1834,485.55868,479.93321,15m,tp,0.7,True
139,support_and_resistant,2021-04-11 15:00:00,2021-04-11 15:15:00,491.5874,495.02851,489.29333,15m,tp,0.7,True
140,support_and_resistant,2021-04-11 18:15:00,2021-04-11 18:30:00,503.9585,507.48621,501.60669,15m,sl,-0.47,True
141,support_and_resistant,2021-04-11 21:15:00,2021-04-11 21:45:00,502.7401,506.25928,500.39398,15m,tp,0.7,True
142,support_and_resistant,2021-04-11 22:00:00,2021-04-11 22:15:00,516.9208,520.53925,514.5085,15m,sl,-0.47,True
143,support_and_resistant,2021-04-12 02:00:00,2021-04-12 03:00:00,520.7086,524.35356,518.27863,15m,tp,0.7,True
144,support_and_resistant,2021-04-12 20:45:00,2021-04-12 21:00:00,606.6317,610.87812,603.80075,15m,sl,-0.47,True
145,support_and_resistant,2021-04-15 13:45:00,2021-04-15 14:30:00,551.0961,554.95377,548.52432,15m,sl,-0.47,True
146,support_and_resistant,2021-04-15 14:45:00,2021-04-15 15:15:00,548.3965,552.23528,545.83732,15m,tp,0.7,True
147,support_and_resistant,2021-04-19 06:45:00,2021-04-19 07:15:00,537.0738,540.83332,534.56746,15m,sl,-0.47,True
148,support_and_resistant,2021-04-20 16:45:00,2021-04-20 17:30:00,548.3762,552.21483,545.81711,15m,sl,-0.47,True
149,support_and_resistant,2021-04-21 00:00:00,2021-04-21 00:15:00,594.4645,598.62575,591.69033,15m,tp,0.7,True
150,support_and_resistant,2021-04-23 18:45:00,2021-04-23 19:00:00,519.808,523.44666,517.38223,15m,sl,-0.47,True
151,support_and_resistant,2021-04-26 00:45:00,2021-04-26 01:15:00,519.08,522.71356,516.65763,15m,tp,0.7,True
152,support_and_resistant,2021-04-26 07:15:00,2021-04-26 08:00:00,540.27,544.05189,537.74874,15m,sl,-0.47,True
153,support_and_resistant,2021-04-26 10:30:00,2021-04-26 11:00:00,537.6,541.3632,535.0912,15m,tp,0.7,True
154,support_and_resistant,2021-04-27 05:45:00,2021-04-27 06:15:00,538.56,542.32992,536.04672,15m,tp,0.7,True
155,support_and_resistant,2021-04-29 22:45:00,2021-04-29 23:30:00,593.84,597.99688,591.06875,15m,tp,0.7,True
156,support_and_resistant,2021-04-30 02:15:00,2021-04-30 02:45:00,602.16,606.37512,599.34992,15m,tp,0.7,True
157,support_and_resistant,2021-04-30 06:00:00,2021-04-30 06:15:00,613.84,618.13688,610.97541,15m,tp,0.7,True
158,support_and_resistant,2021-04-30 06:30:00,2021-04-30 08:00:00,615.8,620.1106,612.92627,15m,sl,-0.47,True
159,support_and_resistant,2021-05-02 18:15:00,2021-05-02 19:00:00,626.3,630.6841,623.37727,15m,sl,-0.47,True
160,support_and_resistant,2021-05-03 11:15:00,2021-05-03 11:45:00,648.38,652.91866,645.35423,15m,tp,0.7,True
161,support_and_resistant,2021-05-03 16:00:00,2021-05-03 16:15:00,655.98,660.57186,652.91876,15m,tp,0.7,True
162,support_and_resistant,2021-05-03 17:15:00,2021-05-03 18:00:00,675.0,679.725,671.85,15m,tp,0.7,True
163,support_and_resistant,2021-05-08 02:15:00,2021-05-08 02:45:00,628.56,632.95992,625.62672,15m,tp,0.7,True
164,support_and_resistant,2021-05-08 03:00:00,2021-05-08 06:00:00,631.73,636.15211,628.78193,15m,sl,-0.47,True
165,support_and_resistant,2021-05-09 09:30:00,2021-05-09 10:00:00,674.09,678.80863,670.94425,15m,sl,-0.47,True
166,support_and_resistant,2021-05-14 15:15:00,2021-05-14 16:15:00,613.96,618.25772,611.09485,15m,sl,-0.47,True
167,support_and_resistant,2021-05-24 03:45:00,2021-05-24 04:00:00,273.48,275.39436,272.20376,15m,tp,0.7,True
168,support_and_resistant,2021-05-24 05:45:00,2021-05-24 06:00:00,275.85,277.78095,274.5627,15m,sl,-0.47,True
169,support_and_resistant,2021-05-24 06:30:00,2021-05-24 06:45:00,276.87,278.80809,275.57794,15m,tp,0.7,True
170,support_and_resistant,2021-05-24 07:00:00,2021-05-24 07:15:00,288.11,290.12677,286.76549,15m,tp,0.7,True
171,support_and_resistant,2021-05-24 11:30:00,2021-05-24 11:45:00,308.0,310.156,306.56267,15m,tp,0.7,True
172,support_and_resistant,2021-05-24 15:30:00,2021-05-24 15:45:00,322.19,324.44533,320.68645,15m,sl,-0.47,True
173,support_and_resistant,2021-05-24 17:15:00,2021-05-24 17:45:00,318.33,320.55831,316.84446,15m,tp,0.7,True
174,support_and_resistant,2021-05-24 18:30:00,2021-05-24 18:45:00,323.27,325.53289,321.76141,15m,tp,0.7,True
175,support_and_resistant,2021-05-24 19:00:00,2021-05-24 19:15:00,328.68,330.98076,327.14616,15m,sl,-0.47,True
176,support_and_resistant,2021-05-24 23:45:00,2021-05-25 00:00:00,345.64,348.05948,344.02701,15m,tp,0.7,True
177,support_and_resistant,2021-05-25 22:30:00,2021-05-25 22:45:00,339.28,341.65496,337.69669,15m,tp,0.7,True
178,support_and_resistant,2021-05-26 01:45:00,2021-05-26 02:00:00,350.57,353.02399,348.93401,15m,tp,0.7,True
179,support_and_resistant,2021-05-30 10:30:00,2021-05-30 10:45:00,335.43,337.77801,333.86466,15m,sl,-0.47,True
180,support_and_resistant,2021-05-30 18:45:00,2021-05-30 20:15:00,331.69,334.01183,330.14211,15m,tp,0.7,True
181,support_and_resistant,2021-05-31 09:00:00,2021-05-31 09:30:00,333.29,335.62303,331.73465,15m,tp,0.7,True
182,support_and_resistant,2021-06-01 21:30:00,2021-06-01 21:45:00,353.15,355.62205,351.50197,15m,tp,0.7,True
183,support_and_resistant,2021-06-01 22:30:00,2021-06-01 23:00:00,354.79,357.27353,353.13431,15m,tp,0.7,True
184,support_and_resistant,2021-06-02 03:00:00,2021-06-02 03:30:00,360.54,363.06378,358.85748,15m,sl,-0.47,True
185,support_and_resistant,2021-06-02 03:45:00,2021-06-02 04:15:00,359.01,361.52307,357.33462,15m,tp,0.7,True
186,support_and_resistant,2021-06-02 12:45:00,2021-06-02 13:15:00,397.57,400.35299,395.71467,15m,tp,0.7,True
187,support_and_resistant,2021-06-02 18:15:00,2021-06-02 20:00:00,411.42,414.29994,409.50004,15m,sl,-0.47,True
188,support_and_resistant,2021-06-03 04:30:00,2021-06-03 05:00:00,410.42,413.29294,408.50471,15m,tp,0.7,True
189,support_and_resistant,2021-06-03 05:15:00,2021-06-03 05:30:00,414.39,417.29073,412.45618,15m,tp,0.7,True
190,support_and_resistant,2021-06-05 01:00:00,2021-06-05 01:30:00,408.01,410.86607,406.10595,15m,tp,0.7,True
191,support_and_resistant,2021-06-07 10:45:00,2021-06-07 11:30:00,402.48,405.29736,400.60176,15m,sl,-0.47,True
192,support_and_resistant,2021-06-09 07:00:00,2021-06-09 07:15:00,359.09,361.60363,357.41425,15m,sl,-0.47,True
193,support_and_resistant,2021-06-09 11:45:00,2021-06-09 12:00:00,358.87,361.38209,357.19527,15m,tp,0.7,True
194,support_and_resistant,2021-06-09 16:00:00,2021-06-09 16:30:00,365.93,368.49151,364.22233,15m,tp,0.7,True
195,support_and_resistant,2021-06-09 21:45:00,2021-06-09 22:00:00,369.91,372.49937,368.18375,15m,tp,0.7,True
196,support_and_resistant,2021-06-12 17:30:00,2021-06-12 21:30:00,346.59,349.01613,344.97258,15m,sl,-0.47,True
197,support_and_resistant,2021-06-14 00:30:00,2021-06-14 01:00:00,364.69,367.24283,362.98811,15m,sl,-0.47,True
198,support_and_resistant,2021-06-15 03:45:00,2021-06-15 04:30:00,372.51,375.11757,370.77162,15m,tp,0.7,True
199,support_and_resistant,2021-06-17 07:15:00,2021-06-17 09:00:00,360.94,363.46658,359.25561,15m,sl,-0.47,True
200,support_and_resistant,2021-06-17 09:15:00,2021-06-17 12:00:00,359.06,361.57342,357.38439,15m,sl,-0.47,True
201,support_and_resistant,2021-06-20 20:45:00,2021-06-21 00:00:00,338.96,341.33272,337.37819,15m,tp,0.7,True
202,support_and_resistant,2021-06-23 01:45:00,2021-06-23 02:00:00,283.22,285.20254,281.89831,15m,tp,0.7,True
203,support_and_resistant,2021-06-23 06:15:00,2021-06-23 06:45:00,292.72,294.76904,291.35397,15m,sl,-0.47,True
204,support_and_resistant,2021-06-23 07:45:00,2021-06-23 08:00:00,289.91,291.93937,288.55709,15m,tp,0.7,True
205,support_and_resistant,2021-06-23 11:30:00,2021-06-23 11:45:00,291.68,293.72176,290.31883,15m,sl,-0.47,True
206,support_and_resistant,2021-06-23 12:15:00,2021-06-23 12:45:00,293.2,295.2524,291.83173,15m,tp,0.7,True
207,support_and_resistant,2021-06-23 13:00:00,2021-06-23 13:15:00,306.0,308.142,304.572,15m,tp,0.7,True
208,support_and_resistant,2021-06-24 12:30:00,2021-06-24 12:45:00,304.42,306.55094,302.99937,15m,tp,0.7,True
209,support_and_resistant,2021-06-24 13:30:00,2021-06-24 15:00:00,304.38,306.51066,302.95956,15m,tp,0.7,True
210,support_and_resistant,2021-06-24 15:30:00,2021-06-24 15:45:00,309.55,311.71685,308.10543,15m,sl,-0.47,True
211,support_and_resistant,2021-06-28 03:00:00,2021-06-28 03:15:00,286.97,288.97879,285.63081,15m,sl,-0.47,True
212,support_and_resistant,2021-06-28 06:00:00,2021-06-28 06:30:00,288.65,290.67055,287.30297,15m,sl,-0.47,True
213,support_and_resistant,2021-06-28 06:45:00,2021-06-28 07:15:00,287.52,289.53264,286.17824,15m,tp,0.7,True
214,support_and_resistant,2021-06-28 07:30:00,2021-06-28 08:15:00,294.67,296.73269,293.29487,15m,sl,-0.47,True
215,support_and_resistant,2021-06-28 15:15:00,2021-06-28 15:45:00,293.04,295.09128,291.67248,15m,tp,0.7,True
216,support_and_resistant,2021-06-29 10:00:00,2021-06-29 10:30:00,301.59,303.70113,300.18258,15m,tp,0.7,True
217,support_and_resistant,2021-07-03 06:15:00,2021-07-03 07:30:00,286.98,288.98886,285.64076,15m,tp,0.7,True
218,support_and_resistant,2021-07-03 07:45:00,2021-07-03 09:45:00,293.92,295.97744,292.54837,15m,tp,0.7,True
219,support_and_resistant,2021-07-03 12:45:00,2021-07-03 13:45:00,293.57,295.62499,292.20001,15m,tp,0.7,True
220,support_and_resistant,2021-07-03 14:00:00,2021-07-03 15:00:00,295.38,297.44766,294.00156,15m,tp,0.7,True
221,support_and_resistant,2021-07-03 18:00:00,2021-07-03 18:15:00,300.32,302.42224,298.91851,15m,sl,-0.47,True
222,support_and_resistant,2021-07-03 19:15:00,2021-07-03 21:45:00,299.1,301.1937,297.7042,15m,tp,0.7,True
223,support_and_resistant,2021-07-04 05:15:00,2021-07-04 05:30:00,298.95,301.04265,297.5549,15m,tp,0.7,True
224,support_and_resistant,2021-07-06 04:00:00,2021-07-06 04:15:00,310.34,312.51238,308.89175,15m,tp,0.7,True
225,support_and_resistant,2021-07-06 04:30:00,2021-07-06 05:00:00,315.33,317.53731,313.85846,15m,tp,0.7,True
226,support_and_resistant,2021-07-06 18:45:00,2021-07-06 21:00:00,318.13,320.35691,316.64539,15m,sl,-0.47,True
227,support_and_resistant,2021-07-06 23:45:00,2021-07-07 00:00:00,319.92,322.15944,318.42704,15m,tp,0.7,True
228,support_and_resistant,2021-07-07 01:15:00,2021-07-07 02:00:00,325.99,328.27193,324.46871,15m,sl,-0.47,True
229,support_and_resistant,2021-07-07 04:00:00,2021-07-07 04:15:00,327.46,329.75222,325.93185,15m,tp,0.7,True
230,support_and_resistant,2021-07-07 12:45:00,2021-07-07 13:00:00,335.33,337.67731,333.76513,15m,tp,0.7,True
231,support_and_resistant,2021-07-07 13:30:00,2021-07-07 13:45:00,336.6,338.9562,335.0292,15m,tp,0.7,True
232,support_and_resistant,2021-07-11 09:15:00,2021-07-11 11:45:00,317.9,320.1253,316.41647,15m,tp,0.7,True
233,support_and_resistant,2021-07-11 15:15:00,2021-07-11 18:00:00,324.23,326.49961,322.71693,15m,sl,-0.47,True
234,support_and_resistant,2021-07-12 06:15:00,2021-07-12 06:45:00,331.07,333.38749,329.52501,15m,tp,0.7,True
235,support_and_resistant,2021-07-14 13:15:00,2021-07-14 13:30:00,306.58,308.72606,305.14929,15m,tp,0.7,True
236,support_and_resistant,2021-07-17 19:45:00,2021-07-17 20:45:00,303.52,305.64464,302.10357,15m,sl,-0.47,True
237,support_and_resistant,2021-07-20 19:00:00,2021-07-20 20:00:00,268.32,270.19824,267.06784,15m,tp,0.7,True
238,support_and_resistant,2021-07-21 10:15:00,2021-07-21 10:30:00,286.55,288.55585,285.21277,15m,sl,-0.47,True
239,support_and_resistant,2021-07-21 14:45:00,2021-07-21 15:45:00,288.93,290.95251,287.58166,15m,tp,0.7,True
240,support_and_resistant,2021-07-21 23:45:00,2021-07-22 00:00:00,293.26,295.31282,291.89145,15m,tp,0.7,True
241,support_and_resistant,2021-07-23 04:30:00,2021-07-23 04:45:00,296.87,298.94809,295.48461,15m,tp,0.7,True
242,support_and_resistant,2021-07-24 03:00:00,2021-07-24 04:00:00,298.52,300.60964,297.12691,15m,tp,0.7,True
243,support_and_resistant,2021-07-24 04:30:00,2021-07-24 05:00:00,303.09,305.21163,301.67558,15m,sl,-0.47,True
244,support_and_resistant,2021-07-26 00:00:00,2021-07-26 00:45:00,304.96,307.09472,303.53685,15m,tp,0.7,True
245,support_and_resistant,2021-07-26 04:30:00,2021-07-26 06:15:00,322.43,324.68701,320.92533,15m,tp,0.7,True
246,support_and_resistant,2021-07-27 09:45:00,2021-07-27 10:45:00,307.74,309.89418,306.30388,15m,tp,0.7,True
247,support_and_resistant,2021-07-30 00:00:00,2021-07-30 01:00:00,315.73,317.94011,314.25659,15m,tp,0.7,True
248,support_and_resistant,2021-07-30 01:30:00,2021-07-30 02:00:00,321.58,323.83106,320.07929,15m,tp,0.7,True
249,support_and_resistant,2021-07-30 02:30:00,2021-07-30 04:30:00,322.28,324.53596,320.77603,15m,sl,-0.47,True
250,support_and_resistant,2021-07-30 23:45:00,2021-07-31 01:15:00,322.58,324.83806,321.07463,15m,sl,-0.47,True
251,support_and_resistant,2021-07-31 01:30:00,2021-07-31 05:15:00,321.88,324.13316,320.37789,15m,sl,-0.47,True
252,support_and_resistant,2021-07-31 09:45:00,2021-07-31 10:15:00,322.73,324.98911,321.22393,15m,tp,0.7,True
253,support_and_resistant,2021-07-31 10:30:00,2021-07-31 11:00:00,334.29,336.63003,332.72998,15m,tp,0.7,True
254,support_and_resistant,2021-07-31 19:15:00,2021-07-31 20:00:00,332.11,334.43477,330.56015,15m,sl,-0.47,True
255,support_and_resistant,2021-07-31 21:00:00,2021-07-31 21:45:00,335.28,337.62696,333.71536,15m,tp,0.7,True
256,support_and_resistant,2021-08-01 04:00:00,2021-08-01 04:30:00,345.71,348.12997,344.09669,15m,sl,-0.47,True
257,support_and_resistant,2021-08-04 19:45:00,2021-08-04 22:00:00,334.42,336.76094,332.85937,15m,tp,0.7,True
258,support_and_resistant,2021-08-05 15:15:00,2021-08-05 15:45:00,332.25,334.57575,330.6995,15m,sl,-0.47,True
259,support_and_resistant,2021-08-05 17:15:00,2021-08-05 17:45:00,334.77,337.11339,333.20774,15m,tp,0.7,True
260,support_and_resistant,2021-08-05 22:15:00,2021-08-06 00:45:00,337.66,340.02362,336.08425,15m,sl,-0.47,True
261,support_and_resistant,2021-08-07 01:00:00,2021-08-07 01:45:00,343.92,346.32744,342.31504,15m,tp,0.7,True
262,support_and_resistant,2021-08-07 10:00:00,2021-08-07 11:00:00,356.0,358.492,354.33867,15m,sl,-0.47,True
263,support_and_resistant,2021-08-09 16:00:00,2021-08-09 20:30:00,354.91,357.39437,353.25375,15m,sl,-0.47,True
264,support_and_resistant,2021-08-10 08:30:00,2021-08-10 09:00:00,356.17,358.66319,354.50787,15m,tp,0.7,True
265,support_and_resistant,2021-08-10 19:15:00,2021-08-10 20:00:00,369.69,372.27783,367.96478,15m,tp,0.7,True
266,support_and_resistant,2021-08-11 01:15:00,2021-08-11 02:15:00,379.88,382.53916,378.10723,15m,tp,0.7,True
267,support_and_resistant,2021-08-11 05:45:00,2021-08-11 06:00:00,385.14,387.83598,383.34268,15m,tp,0.7,True
268,support_and_resistant,2021-08-11 10:00:00,2021-08-11 12:00:00,387.8,390.5146,385.99027,15m,sl,-0.47,True
269,support_and_resistant,2021-08-11 15:00:00,2021-08-11 15:45:00,399.64,402.43748,397.77501,15m,sl,-0.47,True
270,support_and_resistant,2021-08-11 16:30:00,2021-08-11 19:45:00,398.31,401.09817,396.45122,15m,tp,0.7,True
271,support_and_resistant,2021-08-14 06:30:00,2021-08-14 07:00:00,410.21,413.08147,408.29569,15m,tp,0.7,True
272,support_and_resistant,2021-08-15 19:30:00,2021-08-15 20:30:00,406.06,408.90242,404.16505,15m,tp,0.7,True
273,support_and_resistant,2021-08-16 05:45:00,2021-08-16 06:15:00,422.89,425.85023,420.91651,15m,sl,-0.47,True
274,support_and_resistant,2021-08-16 08:45:00,2021-08-16 10:30:00,424.81,427.78367,422.82755,15m,tp,0.7,True
275,support_and_resistant,2021-08-17 09:45:00,2021-08-17 10:00:00,428.33,431.32831,426.33113,15m,tp,0.7,True
276,support_and_resistant,2021-08-19 08:45:00,2021-08-19 09:00:00,404.18,407.00926,402.29383,15m,tp,0.7,True
277,support_and_resistant,2021-08-19 19:00:00,2021-08-19 20:00:00,427.37,430.36159,425.37561,15m,tp,0.7,True
278,support_and_resistant,2021-08-19 23:00:00,2021-08-20 00:00:00,428.7,431.7009,426.6994,15m,tp,0.7,True
279,support_and_resistant,2021-08-20 14:00:00,2021-08-20 14:15:00,435.85,438.90095,433.81603,15m,tp,0.7,True
280,support_and_resistant,2021-08-20 19:30:00,2021-08-20 21:15:00,448.61,451.75027,446.51649,15m,tp,0.7,True
281,support_and_resistant,2021-08-21 04:30:00,2021-08-21 05:30:00,454.71,457.89297,452.58802,15m,tp,0.7,True
282,support_and_resistant,2021-08-21 06:00:00,2021-08-21 06:45:00,457.83,461.03481,455.69346,15m,sl,-0.47,True
283,support_and_resistant,2021-08-23 02:30:00,2021-08-23 03:00:00,454.14,457.31898,452.02068,15m,tp,0.7,True
284,support_and_resistant,2021-08-23 03:15:00,2021-08-23 03:30:00,453.87,457.04709,451.75194,15m,tp,0.7,True
285,support_and_resistant,2021-08-23 08:15:00,2021-08-23 09:00:00,486.04,489.44228,483.77181,15m,tp,0.7,True
286,support_and_resistant,2021-08-23 13:00:00,2021-08-23 13:15:00,500.1,503.6007,497.7662,15m,tp,0.7,True
287,support_and_resistant,2021-08-23 16:30:00,2021-08-23 18:30:00,498.78,502.27146,496.45236,15m,tp,0.7,True
288,support_and_resistant,2021-08-25 18:15:00,2021-08-25 19:45:00,503.71,507.23597,501.35935,15m,sl,-0.47,True
289,support_and_resistant,2021-08-27 17:45:00,2021-08-27 20:30:00,488.0,491.416,485.72267,15m,tp,0.7,True
290,support_and_resistant,2021-08-30 19:30:00,2021-08-30 21:15:00,478.2,481.5474,475.9684,15m,sl,-0.47,True
291,support_and_resistant,2021-09-01 08:45:00,2021-09-01 09:15:00,469.6,472.8872,467.40853,15m,tp,0.7,True
292,support_and_resistant,2021-09-01 09:30:00,2021-09-01 11:45:00,474.5,477.8215,472.28567,15m,tp,0.7,True
293,support_and_resistant,2021-09-01 16:30:00,2021-09-01 17:15:00,484.1,487.4887,481.84087,15m,tp,0.7,True
294,support_and_resistant,2021-09-01 21:00:00,2021-09-01 23:15:00,486.0,489.402,483.732,15m,tp,0.7,True
295,support_and_resistant,2021-09-03 15:00:00,2021-09-03 17:45:00,493.7,497.1559,491.39607,15m,sl,-0.47,True
296,support_and_resistant,2021-09-04 13:15:00,2021-09-04 14:00:00,507.1,510.6497,504.73353,15m,sl,-0.47,True
297,support_and_resistant,2021-09-05 20:00:00,2021-09-05 20:45:00,499.2,502.6944,496.8704,15m,tp,0.7,True
298,support_and_resistant,2021-09-08 18:45:00,2021-09-08 20:00:00,420.0,422.94,418.04,15m,sl,-0.47,True
299,support_and_resistant,2021-09-09 08:00:00,2021-09-09 08:15:00,417.4,420.3218,415.45213,15m,tp,0.7,True
300,support_and_resistant,2021-09-11 13:15:00,2021-09-11 14:15:00,411.6,414.4812,409.6792,15m,tp,0.7,True
301,support_and_resistant,2021-09-12 08:30:00,2021-09-12 09:45:00,415.2,418.1064,413.2624,15m,sl,-0.47,True
302,support_and_resistant,2021-09-14 15:30:00,2021-09-14 17:00:00,408.6,411.4602,406.6932,15m,sl,-0.47,True
303,support_and_resistant,2021-09-15 03:00:00,2021-09-15 04:30:00,414.3,417.2001,412.3666,15m,tp,0.7,True
304,support_and_resistant,2021-09-15 11:15:00,2021-09-15 12:00:00,424.5,427.4715,422.519,15m,tp,0.7,True
305,support_and_resistant,2021-09-15 12:30:00,2021-09-15 12:45:00,427.1,430.0897,425.10687,15m,sl,-0.47,True
306,support_and_resistant,2021-09-15 13:30:00,2021-09-15 14:00:00,429.9,432.9093,427.8938,15m,tp,0.7,True
307,support_and_resistant,2021-09-22 07:00:00,2021-09-22 07:30:00,357.3,359.8011,355.6326,15m,tp,0.7,True
308,support_and_resistant,2021-09-22 21:30:00,2021-09-22 22:00:00,376.8,379.4376,375.0416,15m,tp,0.7,True
309,support_and_resistant,2021-09-22 22:30:00,2021-09-22 23:00:00,379.4,382.0558,377.62947,15m,sl,-0.47,True
310,support_and_resistant,2021-09-23 18:00:00,2021-09-23 23:30:00,380.8,383.4656,379.02293,15m,tp,0.7,True
311,support_and_resistant,2021-09-26 15:30:00,2021-09-26 16:00:00,348.9,351.3423,347.2718,15m,tp,0.7,True
312,support_and_resistant,2021-09-26 17:15:00,2021-09-26 19:30:00,347.2,349.6304,345.57973,15m,tp,0.7,True
313,support_and_resistant,2021-09-26 20:00:00,2021-09-26 21:30:00,351.4,353.8598,349.76013,15m,sl,-0.47,True
314,support_and_resistant,2021-09-28 12:00:00,2021-09-28 12:30:00,340.5,342.8835,338.911,15m,sl,-0.47,True
315,support_and_resistant,2021-09-29 04:15:00,2021-09-29 06:45:00,342.4,344.7968,340.80213,15m,tp,0.7,True
316,support_and_resistant,2021-09-29 09:00:00,2021-09-29 10:00:00,343.9,346.3073,342.29513,15m,tp,0.7,True
317,support_and_resistant,2021-09-29 15:30:00,2021-09-29 16:30:00,369.3,371.8851,367.5766,15m,sl,-0.47,True
318,support_and_resistant,2021-09-29 23:45:00,2021-09-30 00:45:00,367.7,370.2739,365.98407,15m,tp,0.7,True
319,support_and_resistant,2021-09-30 01:15:00,2021-09-30 01:45:00,373.4,376.0138,371.65747,15m,tp,0.7,True
320,support_and_resistant,2021-09-30 15:45:00,2021-09-30 17:00:00,379.3,381.9551,377.52993,15m,tp,0.7,True
321,support_and_resistant,2021-09-30 17:15:00,2021-09-30 18:30:00,382.5,385.1775,380.715,15m,tp,0.7,True
322,support_and_resistant,2021-09-30 21:45:00,2021-09-30 22:15:00,385.9,388.6013,384.09913,15m,tp,0.7,True
323,support_and_resistant,2021-10-01 16:15:00,2021-10-01 16:30:00,414.0,416.898,412.068,15m,tp,0.7,True
324,support_and_resistant,2021-10-01 17:00:00,2021-10-01 17:45:00,416.2,419.1134,414.25773,15m,tp,0.7,True
325,support_and_resistant,2021-10-02 12:30:00,2021-10-02 14:15:00,424.3,427.2701,422.31993,15m,tp,0.7,True
326,support_and_resistant,2021-10-02 14:45:00,2021-10-02 15:30:00,428.6,431.6002,426.59987,15m,tp,0.7,True
327,support_and_resistant,2021-10-04 18:30:00,2021-10-04 19:15:00,427.8,430.7946,425.8036,15m,sl,-0.47,True
328,support_and_resistant,2021-10-05 06:00:00,2021-10-05 08:45:00,431.6,434.6212,429.58587,15m,tp,0.7,True
329,support_and_resistant,2021-10-06 16:30:00,2021-10-06 18:30:00,438.8,441.8716,436.75227,15m,sl,-0.47,True
330,support_and_resistant,2021-10-11 08:00:00,2021-10-11 08:15:00,423.0,425.961,421.026,15m,sl,-0.47,True
331,support_and_resistant,2021-10-12 17:00:00,2021-10-12 17:15:00,433.4,436.4338,431.37747,15m,tp,0.7,True
332,support_and_resistant,2021-10-12 17:30:00,2021-10-12 17:45:00,436.4,439.4548,434.36347,15m,sl,-0.47,True
333,support_and_resistant,2021-10-12 18:15:00,2021-10-12 19:45:00,437.0,440.059,434.96067,15m,sl,-0.47,True
334,support_and_resistant,2021-10-12 20:30:00,2021-10-12 21:45:00,441.7,444.7919,439.63873,15m,sl,-0.47,True
335,support_and_resistant,2021-10-12 23:45:00,2021-10-13 00:15:00,444.2,447.3094,442.12707,15m,tp,0.7,True
336,support_and_resistant,2021-10-13 00:30:00,2021-10-13 01:00:00,449.1,452.2437,447.0042,15m,tp,0.7,True
337,support_and_resistant,2021-10-14 09:45:00,2021-10-14 10:45:00,478.7,482.0509,476.46607,15m,sl,-0.47,True
338,support_and_resistant,2021-10-15 23:15:00,2021-10-16 01:30:00,473.6,476.9152,471.38987,15m,sl,-0.47,True
339,support_and_resistant,2021-10-18 15:15:00,2021-10-18 15:30:00,475.8,479.1306,473.5796,15m,tp,0.7,True
340,support_and_resistant,2021-10-18 16:15:00,2021-10-18 18:30:00,477.6,480.9432,475.3712,15m,tp,0.7,True
341,support_and_resistant,2021-10-18 20:30:00,2021-10-18 22:45:00,481.4,484.7698,479.15347,15m,tp,0.7,True
342,support_and_resistant,2021-10-19 03:30:00,2021-10-19 04:15:00,492.8,496.2496,490.50027,15m,tp,0.7,True
343,support_and_resistant,2021-10-20 19:15:00,2021-10-20 20:00:00,504.5,508.0315,502.14567,15m,sl,-0.47,True
344,support_and_resistant,2021-10-20 20:30:00,2021-10-21 00:00:00,501.2,504.7084,498.86107,15m,sl,-0.47,True
345,support_and_resistant,2021-10-22 07:30:00,2021-10-22 08:15:00,489.9,493.3293,487.6138,15m,tp,0.7,True
346,support_and_resistant,2021-10-23 22:15:00,2021-10-24 06:45:00,483.8,487.1866,481.54227,15m,sl,-0.47,True
347,support_and_resistant,2021-10-25 01:00:00,2021-10-25 07:15:00,480.4,483.7628,478.15813,15m,tp,0.7,True
348,support_and_resistant,2021-10-25 14:30:00,2021-10-25 18:00:00,486.5,489.9055,484.22967,15m,sl,-0.47,True
349,support_and_resistant,2021-10-28 13:00:00,2021-10-28 15:00:00,482.0,485.374,479.75067,15m,tp,0.7,True
350,support_and_resistant,2021-10-28 15:30:00,2021-10-28 18:00:00,486.0,489.402,483.732,15m,tp,0.7,True
351,support_and_resistant,2021-10-28 23:15:00,2021-10-29 00:45:00,491.2,494.6384,488.90773,15m,tp,0.7,True
352,support_and_resistant,2021-10-29 01:15:00,2021-10-29 01:45:00,499.1,502.5937,496.77087,15m,sl,-0.47,True
353,support_and_resistant,2021-10-29 09:30:00,2021-10-29 11:15:00,496.6,500.0762,494.28253,15m,tp,0.7,True
354,support_and_resistant,2021-10-29 11:30:00,2021-10-29 12:00:00,496.2,499.6734,493.8844,15m,tp,0.7,True
355,support_and_resistant,2021-10-29 20:30:00,2021-10-29 20:45:00,533.3,537.0331,530.81127,15m,sl,-0.47,True
356,support_and_resistant,2021-10-29 22:15:00,2021-10-29 23:15:00,531.6,535.3212,529.1192,15m,sl,-0.47,True
357,support_and_resistant,2021-10-29 23:30:00,2021-10-30 00:00:00,526.9,530.5883,524.44113,15m,tp,0.7,True
358,support_and_resistant,2021-11-01 19:45:00,2021-11-01 20:15:00,546.6,550.4262,544.0492,15m,sl,-0.47,True
359,support_and_resistant,2021-11-01 22:45:00,2021-11-01 23:00:00,544.3,548.1101,541.75993,15m,tp,0.7,True
360,support_and_resistant,2021-11-01 23:45:00,2021-11-02 00:15:00,551.3,555.1591,548.72727,15m,sl,-0.47,True
361,support_and_resistant,2021-11-02 01:45:00,2021-11-02 05:00:00,546.5,550.3255,543.94967,15m,sl,-0.47,True
362,support_and_resistant,2021-11-02 19:30:00,2021-11-02 20:45:00,562.4,566.3368,559.77547,15m,sl,-0.47,True
363,support_and_resistant,2021-11-05 02:15:00,2021-11-05 03:00:00,564.5,568.4515,561.86567,15m,tp,0.7,True
364,support_and_resistant,2021-11-05 17:15:00,2021-11-05 18:15:00,608.1,612.3567,605.2622,15m,tp,0.7,True
365,support_and_resistant,2021-11-06 18:45:00,2021-11-06 19:30:00,619.5,623.8365,616.609,15m,tp,0.7,True
366,support_and_resistant,2021-11-07 09:30:00,2021-11-07 10:00:00,664.6,669.2522,661.49853,15m,tp,0.7,True
367,support_and_resistant,2021-11-07 10:30:00,2021-11-07 12:00:00,663.7,668.3459,660.60273,15m,sl,-0.47,True
368,support_and_resistant,2021-11-10 11:00:00,2021-11-10 12:45:00,652.9,657.4703,649.85313,15m,sl,-0.47,True
369,support_and_resistant,2021-11-10 13:45:00,2021-11-10 14:15:00,659.5,664.1165,656.42233,15m,sl,-0.47,True
370,support_and_resistant,2021-11-11 20:15:00,2021-11-11 21:30:00,628.2,632.5974,625.2684,15m,tp,0.7,True
371,support_and_resistant,2021-11-13 00:30:00,2021-11-13 01:45:00,628.2,632.5974,625.2684,15m,sl,-0.47,True
372,support_and_resistant,2021-11-13 15:00:00,2021-11-13 16:30:00,645.8,650.3206,642.78627,15m,tp,0.7,True
373,support_and_resistant,2021-11-13 20:45:00,2021-11-13 21:30:00,653.3,657.8731,650.25127,15m,sl,-0.47,True
374,support_and_resistant,2021-11-15 01:00:00,2021-11-15 03:15:00,656.6,661.1962,653.53587,15m,sl,-0.47,True
375,support_and_resistant,2021-11-18 00:45:00,2021-11-18 03:45:00,585.2,589.2964,582.46907,15m,sl,-0.47,True
376,support_and_resistant,2021-11-19 08:45:00,2021-11-19 09:00:00,559.3,563.2151,556.68993,15m,tp,0.7,True
377,support_and_resistant,2021-11-19 12:15:00,2021-11-19 12:45:00,569.5,573.4865,566.84233,15m,sl,-0.47,True
378,support_and_resistant,2021-11-19 17:45:00,2021-11-19 19:45:00,580.2,584.2614,577.4924,15m,tp,0.7,True
379,support_and_resistant,2021-11-19 20:30:00,2021-11-19 23:30:00,581.9,585.9733,579.18447,15m,sl,-0.47,True
380,support_and_resistant,2021-11-20 01:00:00,2021-11-20 01:45:00,587.4,591.5118,584.6588,15m,tp,0.7,True
381,support_and_resistant,2021-11-20 12:15:00,2021-11-20 13:30:00,590.2,594.3314,587.44573,15m,sl,-0.47,True
382,support_and_resistant,2021-11-23 13:45:00,2021-11-23 14:15:00,590.6,594.7342,587.84387,15m,tp,0.7,True
383,support_and_resistant,2021-11-23 20:00:00,2021-11-23 21:00:00,604.3,608.5301,601.47993,15m,sl,-0.47,True
384,support_and_resistant,2021-11-25 04:15:00,2021-11-25 05:00:00,605.7,609.9399,602.8734,15m,tp,0.7,True
385,support_and_resistant,2021-11-25 05:30:00,2021-11-25 05:45:00,603.4,607.6238,600.58413,15m,sl,-0.47,True
386,support_and_resistant,2021-11-25 15:00:00,2021-11-25 15:30:00,637.3,641.7611,634.32593,15m,tp,0.7,True
387,support_and_resistant,2021-11-25 23:30:00,2021-11-26 01:00:00,638.7,643.1709,635.7194,15m,tp,0.7,True
388,support_and_resistant,2021-11-27 08:45:00,2021-11-27 09:15:00,605.5,609.7385,602.67433,15m,sl,-0.47,True
389,support_and_resistant,2021-11-27 13:15:00,2021-11-27 13:30:00,608.9,613.1623,606.05847,15m,tp,0.7,True
390,support_and_resistant,2021-11-27 13:45:00,2021-11-27 14:30:00,610.8,615.0756,607.9496,15m,sl,-0.47,True
391,support_and_resistant,2021-11-27 17:15:00,2021-11-27 17:30:00,620.5,624.8435,617.60433,15m,sl,-0.47,True
392,support_and_resistant,2021-11-28 22:00:00,2021-11-28 22:45:00,606.0,610.242,603.172,15m,sl,-0.47,True
393,support_and_resistant,2021-11-29 04:45:00,2021-11-29 06:45:00,607.7,611.9539,604.86407,15m,tp,0.7,True
394,support_and_resistant,2021-11-29 07:15:00,2021-11-29 08:15:00,616.8,621.1176,613.9216,15m,sl,-0.47,True
395,support_and_resistant,2021-11-29 16:45:00,2021-11-29 17:15:00,623.7,628.0659,620.7894,15m,tp,0.7,True
396,support_and_resistant,2021-11-30 12:00:00,2021-11-30 12:15:00,629.8,634.2086,626.86093,15m,sl,-0.47,True
397,support_and_resistant,2021-12-01 01:00:00,2021-12-01 02:30:00,626.9,631.2883,623.97447,15m,tp,0.7,True
398,support_and_resistant,2021-12-01 14:15:00,2021-12-01 15:15:00,648.1,652.6367,645.07553,15m,sl,-0.47,True
399,support_and_resistant,2021-12-03 12:00:00,2021-12-03 13:45:00,627.0,631.389,624.074,15m,sl,-0.47,True
400,support_and_resistant,2021-12-04 18:00:00,2021-12-04 19:15:00,563.6,567.5452,560.96987,15m,tp,0.7,True
401,support_and_resistant,2021-12-06 13:00:00,2021-12-06 13:15:00,558.1,562.0067,555.49553,15m,sl,-0.47,True
402,support_and_resistant,2021-12-06 16:00:00,2021-12-06 16:30:00,568.8,572.7816,566.1456,15m,tp,0.7,True
403,support_and_resistant,2021-12-06 19:45:00,2021-12-06 20:45:00,570.7,574.6949,568.03673,15m,tp,0.7,True
404,support_and_resistant,2021-12-07 01:15:00,2021-12-07 01:30:00,591.6,595.7412,588.8392,15m,sl,-0.47,True
405,support_and_resistant,2021-12-07 03:45:00,2021-12-07 04:15:00,587.6,591.7132,584.85787,15m,tp,0.7,True
406,support_and_resistant,2021-12-07 04:45:00,2021-12-07 07:30:00,588.5,592.6195,585.75367,15m,sl,-0.47,True
407,support_and_resistant,2021-12-08 18:45:00,2021-12-08 20:30:00,594.1,598.2587,591.32753,15m,tp,0.7,True
408,support_and_resistant,2021-12-11 23:45:00,2021-12-12 00:45:00,564.5,568.4515,561.86567,15m,sl,-0.47,True
409,support_and_resistant,2021-12-15 00:30:00,2021-12-15 02:00:00,528.2,531.8974,525.73507,15m,sl,-0.47,True
410,support_and_resistant,2021-12-15 04:15:00,2021-12-15 05:00:00,530.7,534.4149,528.2234,15m,sl,-0.47,True
411,support_and_resistant,2021-12-15 20:00:00,2021-12-15 20:15:00,541.5,545.2905,538.973,15m,tp,0.7,True
412,support_and_resistant,2021-12-15 23:45:00,2021-12-16 00:45:00,541.1,544.8877,538.57487,15m,tp,0.7,True
413,support_and_resistant,2021-12-16 10:00:00,2021-12-16 11:30:00,540.1,543.8807,537.57953,15m,tp,0.7,True
414,support_and_resistant,2021-12-19 06:45:00,2021-12-19 10:00:00,538.6,542.3702,536.08653,15m,sl,-0.47,True
415,support_and_resistant,2021-12-20 19:30:00,2021-12-20 20:00:00,517.1,520.7197,514.68687,15m,tp,0.7,True
416,support_and_resistant,2021-12-21 04:30:00,2021-12-21 05:30:00,530.6,534.3142,528.12387,15m,sl,-0.47,True
417,support_and_resistant,2021-12-21 07:30:00,2021-12-21 08:00:00,527.1,530.7897,524.6402,15m,tp,0.7,True
418,support_and_resistant,2021-12-21 08:30:00,2021-12-21 13:00:00,532.1,535.8247,529.61687,15m,sl,-0.47,True
419,support_and_resistant,2021-12-22 07:00:00,2021-12-22 12:45:00,534.6,538.3422,532.1052,15m,sl,-0.47,True
420,support_and_resistant,2021-12-22 20:00:00,2021-12-22 22:00:00,539.8,543.5786,537.28093,15m,sl,-0.47,True
421,support_and_resistant,2021-12-23 16:45:00,2021-12-23 17:30:00,535.1,538.8457,532.60287,15m,tp,0.7,True
422,support_and_resistant,2021-12-23 22:45:00,2021-12-24 03:30:00,548.6,552.4402,546.03987,15m,sl,-0.47,True
423,support_and_resistant,2021-12-25 21:30:00,2021-12-25 22:15:00,550.2,554.0514,547.6324,15m,sl,-0.47,True
424,support_and_resistant,2021-12-30 11:00:00,2021-12-30 11:30:00,520.6,524.2442,518.17053,15m,tp,0.7,True
425,support_and_resistant,2022-01-02 20:15:00,2022-01-03 00:45:00,530.0,533.71,527.52667,15m,sl,-0.47,True
426,support_and_resistant,2022-01-05 06:30:00,2022-01-05 12:30:00,513.1,516.6917,510.70553,15m,sl,-0.47,True
427,support_and_resistant,2022-01-10 05:00:00,2022-01-10 07:00:00,444.3,447.4101,442.2266,15m,sl,-0.47,True
428,support_and_resistant,2022-01-11 07:30:00,2022-01-11 07:45:00,436.4,439.4548,434.36347,15m,tp,0.7,True
429,support_and_resistant,2022-01-11 13:15:00,2022-01-11 13:30:00,451.1,454.2577,448.99487,15m,sl,-0.47,True
430,support_and_resistant,2022-01-11 15:45:00,2022-01-11 16:00:00,452.5,455.6675,450.38833,15m,tp,0.7,True
431,support_and_resistant,2022-01-11 16:30:00,2022-01-11 17:00:00,463.9,467.1473,461.73513,15m,tp,0.7,True
432,support_and_resistant,2022-01-11 20:15:00,2022-01-11 23:30:00,460.4,463.6228,458.25147,15m,tp,0.7,True
433,support_and_resistant,2022-01-12 09:00:00,2022-01-12 09:15:00,463.1,466.3417,460.93887,15m,tp,0.7,True
434,support_and_resistant,2022-01-12 10:00:00,2022-01-12 10:45:00,466.1,469.3627,463.92487,15m,sl,-0.47,True
435,support_and_resistant,2022-01-12 11:30:00,2022-01-12 12:15:00,468.3,471.5781,466.1146,15m,tp,0.7,True
436,support_and_resistant,2022-01-14 04:00:00,2022-01-14 05:15:00,482.7,486.0789,480.4474,15m,tp,0.7,True
437,support_and_resistant,2022-01-14 15:30:00,2022-01-14 16:30:00,478.8,482.1516,476.5656,15m,tp,0.7,True
438,support_and_resistant,2022-01-15 15:15:00,2022-01-15 21:45:00,498.0,501.486,495.676,15m,sl,-0.47,True
439,support_and_resistant,2022-01-16 15:00:00,2022-01-16 15:15:00,498.7,502.1909,496.37273,15m,tp,0.7,True
440,support_and_resistant,2022-01-20 05:15:00,2022-01-20 06:00:00,470.1,473.3907,467.9062,15m,tp,0.7,True
441,support_and_resistant,2022-01-20 06:15:00,2022-01-20 06:30:00,472.9,476.2103,470.69313,15m,tp,0.7,True
442,support_and_resistant,2022-01-23 04:30:00,2022-01-23 05:00:00,370.9,373.4963,369.16913,15m,tp,0.7,True
443,support_and_resistant,2022-01-25 16:15:00,2022-01-25 17:15:00,372.4,375.0068,370.66213,15m,tp,0.7,True
444,support_and_resistant,2022-01-26 08:45:00,2022-01-26 10:30:00,384.2,386.8894,382.40707,15m,tp,0.7,True
445,support_and_resistant,2022-01-26 14:00:00,2022-01-26 14:30:00,397.3,400.0811,395.44593,15m,sl,-0.47,True
446,support_and_resistant,2022-01-27 12:30:00,2022-01-27 12:45:00,370.4,372.9928,368.67147,15m,tp,0.7,True
447,support_and_resistant,2022-01-27 13:30:00,2022-01-27 14:15:00,373.1,375.7117,371.35887,15m,tp,0.7,True
448,support_and_resistant,2022-01-27 22:45:00,2022-01-27 23:00:00,387.3,390.0111,385.4926,15m,tp,0.7,True
449,support_and_resistant,2022-01-28 04:45:00,2022-01-28 05:00:00,393.6,396.3552,391.7632,15m,sl,-0.47,True
450,support_and_resistant,2022-02-04 04:45:00,2022-02-04 05:15:00,371.3,373.8991,369.56727,15m,tp,0.7,True
451,support_and_resistant,2022-02-04 23:15:00,2022-02-04 23:45:00,395.8,398.5706,393.95293,15m,tp,0.7,True
452,support_and_resistant,2022-02-05 00:00:00,2022-02-05 01:00:00,399.9,402.6993,398.0338,15m,sl,-0.47,True
453,support_and_resistant,2022-02-05 03:30:00,2022-02-05 03:45:00,400.8,403.6056,398.9296,15m,tp,0.7,True
454,support_and_resistant,2022-02-07 00:00:00,2022-02-07 00:15:00,416.6,419.5162,414.65587,15m,sl,-0.47,True
455,support_and_resistant,2022-02-07 03:00:00,2022-02-07 03:30:00,423.7,426.6659,421.72273,15m,tp,0.7,True
456,support_and_resistant,2022-02-07 13:45:00,2022-02-07 14:30:00,432.4,435.4268,430.38213,15m,tp,0.7,True
457,support_and_resistant,2022-02-08 05:15:00,2022-02-08 05:45:00,436.6,439.6562,434.56253,15m,tp,0.7,True
458,support_and_resistant,2022-02-10 16:30:00,2022-02-10 17:00:00,425.6,428.5792,423.61387,15m,tp,0.7,True
459,support_and_resistant,2022-02-12 17:00:00,2022-02-12 21:30:00,404.8,407.6336,402.91093,15m,sl,-0.47,True
460,support_and_resistant,2022-02-15 00:15:00,2022-02-15 01:15:00,404.1,406.9287,402.2142,15m,tp,0.7,True
461,support_and_resistant,2022-02-15 02:00:00,2022-02-15 04:15:00,412.2,415.0854,410.2764,15m,tp,0.7,True
462,support_and_resistant,2022-02-15 04:45:00,2022-02-15 05:00:00,424.0,426.968,422.02133,15m,tp,0.7,True
463,support_and_resistant,2022-02-15 07:45:00,2022-02-15 08:15:00,427.6,430.5932,425.60453,15m,tp,0.7,True
464,support_and_resistant,2022-02-15 12:00:00,2022-02-15 13:45:00,428.1,431.0967,426.1022,15m,tp,0.7,True
465,support_and_resistant,2022-02-15 14:00:00,2022-02-15 15:00:00,431.9,434.9233,429.88447,15m,sl,-0.47,True
466,support_and_resistant,2022-02-19 04:45:00,2022-02-19 08:45:00,404.0,406.828,402.11467,15m,sl,-0.47,True
467,support_and_resistant,2022-02-21 02:00:00,2022-02-21 03:30:00,391.0,393.737,389.17533,15m,sl,-0.47,True
468,support_and_resistant,2022-02-21 05:15:00,2022-02-21 08:30:00,391.8,394.5426,389.9716,15m,sl,-0.47,True
469,support_and_resistant,2022-02-22 14:00:00,2022-02-22 14:45:00,365.4,367.9578,363.6948,15m,tp,0.7,True
470,support_and_resistant,2022-02-22 19:45:00,2022-02-22 20:00:00,371.5,374.1005,369.76633,15m,sl,-0.47,True
471,support_and_resistant,2022-02-22 23:45:00,2022-02-23 00:15:00,374.3,376.9201,372.55327,15m,tp,0.7,True
472,support_and_resistant,2022-02-23 12:00:00,2022-02-23 12:30:00,380.1,382.7607,378.3262,15m,tp,0.7,True
473,support_and_resistant,2022-02-24 19:15:00,2022-02-24 19:30:00,352.3,354.7661,350.65593,15m,tp,0.7,True
474,support_and_resistant,2022-02-25 00:45:00,2022-02-25 01:00:00,360.4,362.9228,358.71813,15m,tp,0.7,True
475,support_and_resistant,2022-02-25 01:45:00,2022-02-25 03:15:00,365.2,367.7564,363.49573,15m,sl,-0.47,True
476,support_and_resistant,2022-02-28 19:15:00,2022-02-28 20:15:00,383.1,385.7817,381.3122,15m,tp,0.7,True
477,support_and_resistant,2022-03-01 04:30:00,2022-03-01 05:00:00,394.5,397.2615,392.659,15m,tp,0.7,True
478,support_and_resistant,2022-03-01 05:15:00,2022-03-01 06:30:00,395.9,398.6713,394.05247,15m,tp,0.7,True
479,support_and_resistant,2022-03-02 04:15:00,2022-03-02 04:45:00,413.5,416.3945,411.57033,15m,sl,-0.47,True
480,support_and_resistant,2022-03-05 11:45:00,2022-03-05 13:45:00,380.4,383.0628,378.6248,15m,sl,-0.47,True
481,support_and_resistant,2022-03-06 00:45:00,2022-03-06 01:30:00,387.0,389.709,385.194,15m,sl,-0.47,True
482,support_and_resistant,2022-03-06 16:45:00,2022-03-06 17:45:00,383.8,386.4866,382.00893,15m,sl,-0.47,True
483,support_and_resistant,2022-03-07 21:45:00,2022-03-07 22:15:00,380.5,383.1635,378.72433,15m,tp,0.7,True
484,support_and_resistant,2022-03-08 02:45:00,2022-03-08 03:30:00,383.1,385.7817,381.3122,15m,sl,-0.47,True
485,support_and_resistant,2022-03-14 08:15:00,2022-03-14 12:15:00,369.6,372.1872,367.8752,15m,sl,-0.47,True
486,support_and_resistant,2022-03-14 23:00:00,2022-03-15 01:00:00,372.8,375.4096,371.06027,15m,sl,-0.47,True
487,support_and_resistant,2022-03-15 19:45:00,2022-03-15 20:45:00,373.4,376.0138,371.65747,15m,sl,-0.47,True
488,support_and_resistant,2022-03-17 22:30:00,2022-03-18 00:00:00,389.7,392.4279,387.8814,15m,tp,0.7,True
489,support_and_resistant,2022-03-19 00:00:00,2022-03-19 01:45:00,397.8,400.5846,395.9436,15m,tp,0.7,True
490,support_and_resistant,2022-03-19 10:00:00,2022-03-19 11:15:00,399.0,401.793,397.138,15m,tp,0.7,True
491,support_and_resistant,2022-03-21 08:30:00,2022-03-21 09:00:00,393.2,395.9524,391.36507,15m,sl,-0.47,True
492,support_and_resistant,2022-03-21 15:30:00,2022-03-21 16:45:00,398.3,401.0881,396.44127,15m,sl,-0.47,True
493,support_and_resistant,2022-03-23 14:00:00,2022-03-23 15:15:00,405.0,407.835,403.11,15m,tp,0.7,True
494,support_and_resistant,2022-03-26 22:15:00,2022-03-27 12:45:00,415.5,418.4085,413.561,15m,sl,-0.47,True
495,support_and_resistant,2022-03-28 03:30:00,2022-03-28 05:30:00,431.3,434.3191,429.28727,15m,tp,0.7,True
496,support_and_resistant,2022-03-28 13:45:00,2022-03-28 14:15:00,440.8,443.8856,438.74293,15m,sl,-0.47,True
497,support_and_resistant,2022-03-29 09:15:00,2022-03-29 11:45:00,437.1,440.1597,435.0602,15m,tp,0.7,True
498,support_and_resistant,2022-03-30 07:00:00,2022-03-30 11:00:00,436.3,439.3541,434.26393,15m,tp,0.7,True
499,support_and_resistant,2022-03-31 01:00:00,2022-03-31 01:45:00,448.0,451.136,445.90933,15m,tp,0.7,True
500,support_and_resistant,2022-03-31 09:15:00,2022-03-31 13:45:00,446.5,449.6255,444.41633,15m,sl,-0.47,True
501,support_and_resistant,2022-04-01 09:00:00,2022-04-01 10:15:00,428.9,431.9023,426.89847,15m,tp,0.7,True
502,support_and_resistant,2022-04-01 10:30:00,2022-04-01 12:15:00,431.8,434.8226,429.78493,15m,sl,-0.47,True
503,support_and_resistant,2022-04-04 21:45:00,2022-04-04 23:15:00,446.0,449.122,443.91867,15m,tp,0.7,True
504,support_and_resistant,2022-04-05 02:15:00,2022-04-05 03:00:00,452.1,455.2647,449.9902,15m,tp,0.7,True
505,support_and_resistant,2022-04-05 08:00:00,2022-04-05 11:30:00,454.7,457.8829,452.57807,15m,tp,0.7,True
506,support_and_resistant,2022-04-07 10:45:00,2022-04-07 11:30:00,430.6,433.6142,428.59053,15m,tp,0.7,True
507,support_and_resistant,2022-04-07 11:45:00,2022-04-07 12:45:00,435.2,438.2464,433.16907,15m,sl,-0.47,True
508,support_and_resistant,2022-04-07 17:45:00,2022-04-07 18:00:00,435.1,438.1457,433.06953,15m,tp,0.7,True
509,support_and_resistant,2022-04-07 18:30:00,2022-04-07 19:45:00,437.5,440.5625,435.45833,15m,sl,-0.47,True
510,support_and_resistant,2022-04-09 23:30:00,2022-04-10 09:00:00,425.9,428.8813,423.91247,15m,sl,-0.47,True
511,support_and_resistant,2022-04-12 04:30:00,2022-04-12 05:15:00,401.2,404.0084,399.32773,15m,tp,0.7,True
512,support_and_resistant,2022-04-12 11:15:00,2022-04-12 12:00:00,409.4,412.2658,407.48947,15m,tp,0.7,True
513,support_and_resistant,2022-04-13 03:15:00,2022-04-13 04:15:00,419.6,422.5372,417.64187,15m,sl,-0.47,True
514,support_and_resistant,2022-04-13 06:15:00,2022-04-13 10:15:00,419.1,422.0337,417.1442,15m,sl,-0.47,True
515,support_and_resistant,2022-04-13 19:30:00,2022-04-13 22:15:00,420.2,423.1414,418.23907,15m,tp,0.7,True
516,support_and_resistant,2022-04-13 22:30:00,2022-04-14 01:45:00,423.5,426.4645,421.52367,15m,tp,0.7,True
517,support_and_resistant,2022-04-15 03:45:00,2022-04-15 06:30:00,418.1,421.0267,416.14887,15m,sl,-0.47,True
518,support_and_resistant,2022-04-15 17:45:00,2022-04-15 20:30:00,419.1,422.0337,417.1442,15m,sl,-0.47,True
519,support_and_resistant,2022-04-18 17:15:00,2022-04-18 17:45:00,410.9,413.7763,408.98247,15m,tp,0.7,True
520,support_and_resistant,2022-04-18 21:45:00,2022-04-19 00:30:00,416.9,419.8183,414.95447,15m,tp,0.7,True
521,support_and_resistant,2022-04-19 07:45:00,2022-04-19 09:45:00,421.9,424.8533,419.93113,15m,sl,-0.47,True
522,support_and_resistant,2022-04-20 10:00:00,2022-04-20 10:30:00,427.5,430.4925,425.505,15m,tp,0.7,True
523,support_and_resistant,2022-04-21 02:00:00,2022-04-21 05:30:00,422.3,425.2561,420.32927,15m,sl,-0.47,True
524,support_and_resistant,2022-04-25 23:00:00,2022-04-26 00:30:00,404.0,406.828,402.11467,15m,tp,0.7,True
525,support_and_resistant,2022-04-28 08:00:00,2022-04-28 08:15:00,399.4,402.1958,397.53613,15m,tp,0.7,True
526,support_and_resistant,2022-04-28 11:30:00,2022-04-28 13:00:00,404.0,406.828,402.11467,15m,sl,-0.47,True
527,support_and_resistant,2022-04-28 18:00:00,2022-04-28 20:00:00,405.8,408.6406,403.90627,15m,sl,-0.47,True
528,support_and_resistant,2022-04-30 06:00:00,2022-04-30 08:45:00,398.6,401.3902,396.73987,15m,sl,-0.47,True
529,support_and_resistant,2022-05-02 22:15:00,2022-05-03 02:00:00,389.5,392.2265,387.68233,15m,tp,0.7,True
530,support_and_resistant,2022-05-03 02:30:00,2022-05-03 09:45:00,390.1,392.8307,388.27953,15m,sl,-0.47,True
531,support_and_resistant,2022-05-04 07:00:00,2022-05-04 08:30:00,387.8,390.5146,385.99027,15m,tp,0.7,True
532,support_and_resistant,2022-05-05 01:00:00,2022-05-05 05:45:00,403.7,406.5259,401.81607,15m,sl,-0.47,True
533,support_and_resistant,2022-05-06 19:30:00,2022-05-06 21:45:00,381.8,384.4726,380.01827,15m,sl,-0.47,True
534,support_and_resistant,2022-05-10 05:30:00,2022-05-10 05:45:00,322.1,324.3547,320.59687,15m,tp,0.7,True
535,support_and_resistant,2022-05-10 12:15:00,2022-05-10 12:30:00,325.1,327.3757,323.58287,15m,tp,0.7,True
536,support_and_resistant,2022-05-12 11:30:00,2022-05-12 11:45:00,272.0,273.904,270.73067,15m,tp,0.7,True
537,support_and_resistant,2022-05-12 14:15:00,2022-05-12 14:30:00,271.4,273.2998,270.13347,15m,tp,0.7,True
538,support_and_resistant,2022-05-12 15:30:00,2022-05-12 15:45:00,278.1,280.0467,276.8022,15m,sl,-0.47,True
539,support_and_resistant,2022-05-13 01:45:00,2022-05-13 02:00:00,288.5,290.5195,287.15367,15m,tp,0.7,True
540,support_and_resistant,2022-05-13 06:45:00,2022-05-13 07:30:00,300.9,303.0063,299.4958,15m,sl,-0.47,True
541,support_and_resistant,2022-05-14 18:30:00,2022-05-14 19:15:00,289.2,291.2244,287.8504,15m,sl,-0.47,True
542,support_and_resistant,2022-05-14 20:00:00,2022-05-14 20:30:00,289.2,291.2244,287.8504,15m,sl,-0.47,True
543,support_and_resistant,2022-05-14 20:45:00,2022-05-14 21:30:00,288.0,290.016,286.656,15m,tp,0.7,True
544,support_and_resistant,2022-05-14 22:15:00,2022-05-14 22:45:00,289.8,291.8286,288.4476,15m,tp,0.7,True
545,support_and_resistant,2022-05-14 23:15:00,2022-05-14 23:30:00,294.6,296.6622,293.2252,15m,tp,0.7,True
546,support_and_resistant,2022-05-17 01:15:00,2022-05-17 01:45:00,299.3,301.3951,297.90327,15m,tp,0.7,True
547,support_and_resistant,2022-05-17 02:30:00,2022-05-17 03:00:00,300.9,303.0063,299.4958,15m,tp,0.7,True
548,support_and_resistant,2022-05-17 04:00:00,2022-05-17 06:45:00,305.2,307.3364,303.77573,15m,tp,0.7,True
549,support_and_resistant,2022-05-17 08:45:00,2022-05-17 12:15:00,306.7,308.8469,305.26873,15m,tp,0.7,True
550,support_and_resistant,2022-05-19 07:00:00,2022-05-19 07:30:00,299.7,301.7979,298.3014,15m,sl,-0.47,True
551,support_and_resistant,2022-05-19 11:45:00,2022-05-19 13:00:00,301.4,303.5098,299.99347,15m,tp,0.7,True
552,support_and_resistant,2022-05-20 00:15:00,2022-05-20 01:15:00,305.5,307.6385,304.07433,15m,tp,0.7,True
553,support_and_resistant,2022-05-20 02:00:00,2022-05-20 05:00:00,308.1,310.2567,306.6622,15m,sl,-0.47,True
554,support_and_resistant,2022-05-21 14:15:00,2022-05-21 14:30:00,307.3,309.4511,305.86593,15m,tp,0.7,True
555,support_and_resistant,2022-05-21 14:45:00,2022-05-21 15:00:00,309.8,311.9686,308.35427,15m,sl,-0.47,True
556,support_and_resistant,2022-05-21 15:15:00,2022-05-21 15:45:00,309.1,311.2637,307.65753,15m,tp,0.7,True
557,support_and_resistant,2022-05-21 19:15:00,2022-05-22 01:15:00,311.8,313.9826,310.34493,15m,tp,0.7,True
558,support_and_resistant,2022-05-22 01:30:00,2022-05-22 03:00:00,314.2,316.3994,312.73373,15m,tp,0.7,True
559,support_and_resistant,2022-05-22 08:45:00,2022-05-22 09:30:00,317.4,319.6218,315.9188,15m,tp,0.7,True
560,support_and_resistant,2022-05-22 13:00:00,2022-05-22 15:00:00,319.7,321.9379,318.20807,15m,sl,-0.47,True
561,support_and_resistant,2022-05-23 10:30:00,2022-05-23 11:00:00,329.5,331.8065,327.96233,15m,tp,0.7,True
562,support_and_resistant,2022-05-24 21:15:00,2022-05-24 22:00:00,327.1,329.3897,325.57353,15m,tp,0.7,True
563,support_and_resistant,2022-05-25 01:15:00,2022-05-25 02:00:00,330.3,332.6121,328.7586,15m,tp,0.7,True
564,support_and_resistant,2022-05-28 19:30:00,2022-05-28 19:45:00,307.2,309.3504,305.7664,15m,tp,0.7,True
565,support_and_resistant,2022-05-28 20:30:00,2022-05-28 23:45:00,308.1,310.2567,306.6622,15m,tp,0.7,True
566,support_and_resistant,2022-05-29 12:00:00,2022-05-29 13:00:00,304.6,306.7322,303.17853,15m,tp,0.7,True
567,support_and_resistant,2022-05-30 06:45:00,2022-05-30 07:00:00,320.1,322.3407,318.6062,15m,sl,-0.47,True
568,support_and_resistant,2022-06-02 22:00:00,2022-06-03 01:30:00,307.2,309.3504,305.7664,15m,tp,0.7,True
569,support_and_resistant,2022-06-04 09:15:00,2022-06-04 10:30:00,301.4,303.5098,299.99347,15m,sl,-0.47,True
570,support_and_resistant,2022-06-04 15:15:00,2022-06-04 22:15:00,300.6,302.7042,299.1972,15m,tp,0.7,True
571,support_and_resistant,2022-06-05 19:00:00,2022-06-05 22:30:00,301.0,303.107,299.59533,15m,sl,-0.47,True
572,support_and_resistant,2022-06-06 01:15:00,2022-06-06 02:00:00,304.7,306.8329,303.27807,15m,tp,0.7,True
573,support_and_resistant,2022-06-06 07:00:00,2022-06-06 07:30:00,310.9,313.0763,309.44913,15m,sl,-0.47,True
574,support_and_resistant,2022-06-07 18:00:00,2022-06-07 18:30:00,285.6,287.5992,284.2672,15m,tp,0.7,True
575,support_and_resistant,2022-06-07 18:45:00,2022-06-07 19:30:00,287.1,289.1097,285.7602,15m,tp,0.7,True
576,support_and_resistant,2022-06-08 08:45:00,2022-06-08 10:15:00,292.7,294.7489,291.33407,15m,sl,-0.47,True
577,support_and_resistant,2022-06-12 15:30:00,2022-06-12 15:45:00,265.5,267.3585,264.261,15m,sl,-0.47,True
578,support_and_resistant,2022-06-19 15:15:00,2022-06-19 15:30:00,206.5,207.9455,205.53633,15m,tp,0.7,True
579,support_and_resistant,2022-06-19 16:15:00,2022-06-19 17:00:00,207.0,208.449,206.034,15m,sl,-0.47,True
580,support_and_resistant,2022-06-19 17:15:00,2022-06-19 18:15:00,206.4,207.8448,205.4368,15m,tp,0.7,True
581,support_and_resistant,2022-06-19 18:45:00,2022-06-19 19:00:00,213.4,214.8938,212.40413,15m,tp,0.7,True
582,support_and_resistant,2022-06-20 14:00:00,2022-06-20 14:30:00,216.0,217.512,214.992,15m,tp,0.7,True
583,support_and_resistant,2022-06-20 14:45:00,2022-06-20 15:00:00,217.6,219.1232,216.58453,15m,tp,0.7,True
584,support_and_resistant,2022-06-21 14:15:00,2022-06-21 14:30:00,226.2,227.7834,225.1444,15m,tp,0.7,True
585,support_and_resistant,2022-06-23 01:00:00,2022-06-23 01:15:00,219.8,221.3386,218.77427,15m,tp,0.7,True
586,support_and_resistant,2022-06-23 10:30:00,2022-06-23 11:00:00,227.0,228.589,225.94067,15m,tp,0.7,True
587,support_and_resistant,2022-06-23 23:00:00,2022-06-24 00:15:00,229.0,230.603,227.93133,15m,tp,0.7,True
588,support_and_resistant,2022-06-24 08:45:00,2022-06-24 09:15:00,233.9,235.5373,232.80847,15m,sl,-0.47,True
589,support_and_resistant,2022-06-24 11:45:00,2022-06-24 12:00:00,236.9,238.5583,235.79447,15m,tp,0.7,True
590,support_and_resistant,2022-06-24 20:00:00,2022-06-24 20:15:00,239.7,241.3779,238.5814,15m,sl,-0.47,True
591,support_and_resistant,2022-06-24 21:30:00,2022-06-24 22:00:00,240.2,241.8814,239.07907,15m,tp,0.7,True
592,support_and_resistant,2022-06-25 22:00:00,2022-06-25 23:00:00,238.6,240.2702,237.48653,15m,tp,0.7,True
593,support_and_resistant,2022-06-27 08:15:00,2022-06-27 11:30:00,239.9,241.5793,238.78047,15m,sl,-0.47,True
594,support_and_resistant,2022-06-28 12:00:00,2022-06-28 12:45:00,239.9,241.5793,238.78047,15m,sl,-0.47,True
595,support_and_resistant,2022-07-02 17:30:00,2022-07-02 18:45:00,217.4,218.9218,216.38547,15m,tp,0.7,True
596,support_and_resistant,2022-07-04 10:30:00,2022-07-04 11:45:00,221.2,222.7484,220.16773,15m,tp,0.7,True
597,support_and_resistant,2022-07-04 15:00:00,2022-07-04 17:15:00,225.8,227.3806,224.74627,15m,tp,0.7,True
598,support_and_resistant,2022-07-04 17:30:00,2022-07-04 17:45:00,228.5,230.0995,227.43367,15m,sl,-0.47,True
599,support_and_resistant,2022-07-04 22:15:00,2022-07-04 23:15:00,229.4,231.0058,228.32947,15m,tp,0.7,True
600,support_and_resistant,2022-07-05 20:45:00,2022-07-05 21:00:00,232.2,233.8254,231.1164,15m,sl,-0.47,True
601,support_and_resistant,2022-07-07 18:45:00,2022-07-07 22:30:00,242.3,243.9961,241.16927,15m,sl,-0.47,True
602,support_and_resistant,2022-07-09 05:45:00,2022-07-09 07:00:00,242.4,244.0968,241.2688,15m,tp,0.7,True
603,support_and_resistant,2022-07-09 09:15:00,2022-07-09 11:45:00,243.7,245.4059,242.56273,15m,sl,-0.47,True
604,support_and_resistant,2022-07-13 18:15:00,2022-07-13 21:30:00,224.7,226.2729,223.6514,15m,tp,0.7,True
605,support_and_resistant,2022-07-14 21:00:00,2022-07-14 22:15:00,238.5,240.1695,237.387,15m,sl,-0.47,True
606,support_and_resistant,2022-07-16 22:00:00,2022-07-16 22:45:00,249.6,251.3472,248.4352,15m,tp,0.7,True
607,support_and_resistant,2022-07-21 15:45:00,2022-07-21 16:00:00,258.9,260.7123,257.6918,15m,tp,0.7,True
608,support_and_resistant,2022-07-21 20:30:00,2022-07-21 22:00:00,265.5,267.3585,264.261,15m,sl,-0.47,True
609,support_and_resistant,2022-07-21 23:30:00,2022-07-22 00:30:00,264.9,266.7543,263.6638,15m,tp,0.7,True
610,support_and_resistant,2022-07-23 01:45:00,2022-07-23 08:00:00,266.6,268.4662,265.35587,15m,tp,0.7,True
611,support_and_resistant,2022-07-23 08:15:00,2022-07-23 08:30:00,269.7,271.5879,268.4414,15m,tp,0.7,True
612,support_and_resistant,2022-07-24 09:30:00,2022-07-24 10:30:00,264.1,265.9487,262.86753,15m,sl,-0.47,True
613,support_and_resistant,2022-07-26 21:00:00,2022-07-26 21:30:00,245.9,247.6213,244.75247,15m,sl,-0.47,True
614,support_and_resistant,2022-07-26 22:15:00,2022-07-26 23:30:00,246.6,248.3262,245.4492,15m,tp,0.7,True
615,support_and_resistant,2022-07-27 06:15:00,2022-07-27 08:30:00,253.3,255.0731,252.11793,15m,sl,-0.47,True
616,support_and_resistant,2022-07-27 18:45:00,2022-07-27 19:15:00,266.9,268.7683,265.65447,15m,tp,0.7,True
617,support_and_resistant,2022-07-28 00:30:00,2022-07-28 01:00:00,268.8,270.6816,267.5456,15m,sl,-0.47,True
618,support_and_resistant,2022-07-28 19:15:00,2022-07-28 20:00:00,276.1,278.0327,274.81153,15m,tp,0.7,True
619,support_and_resistant,2022-07-28 20:30:00,2022-07-28 21:00:00,277.9,279.8453,276.60313,15m,tp,0.7,True
620,support_and_resistant,2022-07-29 09:30:00,2022-07-29 09:45:00,287.8,289.8146,286.45693,15m,tp,0.7,True
621,support_and_resistant,2022-07-29 13:45:00,2022-07-29 14:00:00,287.1,289.1097,285.7602,15m,tp,0.7,True
622,support_and_resistant,2022-07-29 14:15:00,2022-07-29 15:00:00,291.8,293.8426,290.43827,15m,tp,0.7,True
623,support_and_resistant,2022-08-03 10:30:00,2022-08-03 11:30:00,292.4,294.4468,291.03547,15m,sl,-0.47,True
624,support_and_resistant,2022-08-03 12:00:00,2022-08-03 12:15:00,292.6,294.6482,291.23453,15m,sl,-0.47,True
625,support_and_resistant,2022-08-03 12:45:00,2022-08-03 13:30:00,290.4,292.4328,289.0448,15m,tp,0.7,True
626,support_and_resistant,2022-08-03 14:15:00,2022-08-03 15:15:00,294.3,296.3601,292.9266,15m,tp,0.7,True
627,support_and_resistant,2022-08-04 04:00:00,2022-08-04 04:15:00,307.6,309.7532,306.16453,15m,sl,-0.47,True
628,support_and_resistant,2022-08-04 19:45:00,2022-08-04 22:00:00,310.6,312.7742,309.15053,15m,sl,-0.47,True
629,support_and_resistant,2022-08-05 02:15:00,2022-08-05 04:45:00,312.3,314.4861,310.8426,15m,tp,0.7,True
630,support_and_resistant,2022-08-05 05:30:00,2022-08-05 06:00:00,312.6,314.7882,311.1412,15m,tp,0.7,True
631,support_and_resistant,2022-08-05 06:30:00,2022-08-05 07:15:00,314.8,317.0036,313.33093,15m,tp,0.7,True
632,support_and_resistant,2022-08-07 11:00:00,2022-08-07 12:00:00,314.8,317.0036,313.33093,15m,tp,0.7,True
633,support_and_resistant,2022-08-07 17:45:00,2022-08-08 00:15:00,323.4,325.6638,321.8908,15m,tp,0.7,True
634,support_and_resistant,2022-08-08 01:45:00,2022-08-08 06:00:00,326.4,328.6848,324.8768,15m,tp,0.7,True
635,support_and_resistant,2022-08-08 06:30:00,2022-08-08 08:45:00,328.8,331.1016,327.2656,15m,tp,0.7,True
636,support_and_resistant,2022-08-09 21:30:00,2022-08-09 23:00:00,324.3,326.5701,322.7866,15m,tp,0.7,True
637,support_and_resistant,2022-08-11 04:45:00,2022-08-11 07:30:00,332.3,334.6261,330.74927,15m,sl,-0.47,True
638,support_and_resistant,2022-08-12 23:45:00,2022-08-13 01:45:00,327.9,330.1953,326.3698,15m,sl,-0.47,True
639,support_and_resistant,2022-08-20 04:30:00,2022-08-20 04:45:00,284.2,286.1894,282.87373,15m,tp,0.7,True
640,support_and_resistant,2022-08-20 06:00:00,2022-08-20 06:30:00,285.6,287.5992,284.2672,15m,tp,0.7,True
641,support_and_resistant,2022-08-20 06:45:00,2022-08-20 08:30:00,288.8,290.8216,287.45227,15m,sl,-0.47,True
642,support_and_resistant,2022-08-21 03:15:00,2022-08-21 03:30:00,287.8,289.8146,286.45693,15m,sl,-0.47,True
643,support_and_resistant,2022-08-21 04:00:00,2022-08-21 05:15:00,286.4,288.4048,285.06347,15m,tp,0.7,True
644,support_and_resistant,2022-08-21 11:00:00,2022-08-21 12:00:00,295.4,297.4678,294.02147,15m,tp,0.7,True
645,support_and_resistant,2022-08-21 12:45:00,2022-08-21 14:15:00,295.1,297.1657,293.72287,15m,tp,0.7,True
646,support_and_resistant,2022-08-21 15:00:00,2022-08-21 16:15:00,298.3,300.3881,296.90793,15m,sl,-0.47,True
647,support_and_resistant,2022-08-21 19:00:00,2022-08-21 20:45:00,298.0,300.086,296.60933,15m,tp,0.7,True
648,support_and_resistant,2022-08-28 19:30:00,2022-08-28 22:15:00,281.6,283.5712,280.28587,15m,sl,-0.47,True
649,support_and_resistant,2022-08-29 14:00:00,2022-08-29 14:15:00,282.6,284.5782,281.2812,15m,tp,0.7,True
650,support_and_resistant,2022-08-29 21:00:00,2022-08-29 23:15:00,282.9,284.8803,281.5798,15m,tp,0.7,True
651,support_and_resistant,2022-08-30 04:00:00,2022-08-30 04:15:00,287.5,289.5125,286.15833,15m,tp,0.7,True
652,support_and_resistant,2022-08-30 07:30:00,2022-08-30 10:30:00,291.2,293.2384,289.84107,15m,sl,-0.47,True
653,support_and_resistant,2022-09-01 21:15:00,2022-09-01 23:30:00,276.8,278.7376,275.50827,15m,tp,0.7,True
654,support_and_resistant,2022-09-06 00:15:00,2022-09-06 00:45:00,280.0,281.96,278.69333,15m,tp,0.7,True
655,support_and_resistant,2022-09-08 00:15:00,2022-09-08 02:30:00,278.7,280.6509,277.3994,15m,tp,0.7,True
656,support_and_resistant,2022-09-09 13:00:00,2022-09-09 13:15:00,292.0,294.044,290.63733,15m,sl,-0.47,True
657,support_and_resistant,2022-09-09 14:45:00,2022-09-09 16:30:00,292.8,294.8496,291.4336,15m,sl,-0.47,True
658,support_and_resistant,2022-09-10 03:30:00,2022-09-10 04:15:00,294.2,296.2594,292.82707,15m,tp,0.7,True
659,support_and_resistant,2022-09-10 04:45:00,2022-09-10 05:30:00,294.2,296.2594,292.82707,15m,tp,0.7,True
660,support_and_resistant,2022-09-10 22:45:00,2022-09-11 00:45:00,297.5,299.5825,296.11167,15m,sl,-0.47,True
661,support_and_resistant,2022-09-12 12:15:00,2022-09-12 14:00:00,297.1,299.1797,295.71353,15m,tp,0.7,True
662,support_and_resistant,2022-09-19 19:45:00,2022-09-19 21:15:00,268.9,270.7823,267.64513,15m,tp,0.7,True
663,support_and_resistant,2022-09-23 05:00:00,2022-09-23 07:30:00,276.3,278.2341,275.0106,15m,sl,-0.47,True
664,support_and_resistant,2022-09-23 21:00:00,2022-09-23 21:45:00,273.0,274.911,271.726,15m,tp,0.7,True
665,support_and_resistant,2022-09-24 03:00:00,2022-09-24 04:00:00,277.7,279.6439,276.40407,15m,tp,0.7,True
666,support_and_resistant,2022-09-28 14:00:00,2022-09-28 15:00:00,274.0,275.918,272.72133,15m,tp,0.7,True
667,support_and_resistant,2022-09-28 20:15:00,2022-09-28 20:45:00,280.9,282.8663,279.58913,15m,tp,0.7,True
668,support_and_resistant,2022-09-29 01:00:00,2022-09-29 01:30:00,282.0,283.974,280.684,15m,tp,0.7,True
669,support_and_resistant,2022-09-29 02:00:00,2022-09-29 04:15:00,282.8,284.7796,281.48027,15m,tp,0.7,True
670,support_and_resistant,2022-09-30 03:30:00,2022-09-30 07:45:00,284.5,286.4915,283.17233,15m,tp,0.7,True
671,support_and_resistant,2022-10-01 22:30:00,2022-10-02 06:45:00,283.2,285.1824,281.8784,15m,sl,-0.47,True
672,support_and_resistant,2022-10-02 17:00:00,2022-10-02 19:00:00,283.2,285.1824,281.8784,15m,tp,0.7,True
673,support_and_resistant,2022-10-02 19:15:00,2022-10-02 22:15:00,285.8,287.8006,284.46627,15m,tp,0.7,True
674,support_and_resistant,2022-10-04 07:30:00,2022-10-04 08:00:00,290.3,292.3321,288.94527,15m,tp,0.7,True
675,support_and_resistant,2022-10-04 11:15:00,2022-10-04 13:00:00,290.8,292.8356,289.44293,15m,tp,0.7,True
676,support_and_resistant,2022-10-06 00:15:00,2022-10-06 01:00:00,294.8,296.8636,293.42427,15m,tp,0.7,True
677,support_and_resistant,2022-10-11 11:00:00,2022-10-11 12:00:00,271.2,273.0984,269.9344,15m,tp,0.7,True
678,support_and_resistant,2022-10-11 15:45:00,2022-10-11 18:30:00,273.2,275.1124,271.92507,15m,sl,-0.47,True
679,support_and_resistant,2022-10-13 22:00:00,2022-10-13 23:15:00,273.1,275.0117,271.82553,15m,sl,-0.47,True
680,support_and_resistant,2022-10-14 01:15:00,2022-10-14 01:30:00,273.9,275.8173,272.6218,15m,tp,0.7,True
681,support_and_resistant,2022-10-17 10:45:00,2022-10-17 16:15:00,273.3,275.2131,272.0246,15m,tp,0.7,True
682,support_and_resistant,2022-10-17 19:30:00,2022-10-18 08:45:00,274.8,276.7236,273.5176,15m,sl,-0.47,True
683,support_and_resistant,2022-10-21 14:30:00,2022-10-21 15:45:00,267.9,269.7753,266.6498,15m,tp,0.7,True
684,support_and_resistant,2022-10-21 16:00:00,2022-10-22 02:30:00,269.9,271.7893,268.64047,15m,sl,-0.47,True
685,support_and_resistant,2022-10-26 08:00:00,2022-10-26 08:30:00,286.3,288.3041,284.96393,15m,tp,0.7,True
686,support_and_resistant,2022-10-26 08:45:00,2022-10-26 12:00:00,289.6,291.6272,288.24853,15m,sl,-0.47,True
687,support_and_resistant,2022-10-26 20:15:00,2022-10-26 23:00:00,289.8,291.8286,288.4476,15m,tp,0.7,True
688,support_and_resistant,2022-10-28 20:15:00,2022-10-28 21:15:00,299.7,301.7979,298.3014,15m,sl,-0.47,True
689,support_and_resistant,2022-10-29 03:45:00,2022-10-29 04:30:00,304.7,306.8329,303.27807,15m,sl,-0.47,True
690,support_and_resistant,2022-10-29 07:00:00,2022-10-29 08:00:00,301.5,303.6105,300.093,15m,tp,0.7,True
691,support_and_resistant,2022-10-29 08:45:00,2022-10-29 10:15:00,306.5,308.6455,305.06967,15m,sl,-0.47,True
692,support_and_resistant,2022-10-30 07:15:00,2022-10-30 08:00:00,313.8,315.9966,312.3356,15m,tp,0.7,True
693,support_and_resistant,2022-10-31 18:15:00,2022-10-31 19:30:00,326.8,329.0876,325.27493,15m,tp,0.7,True
694,support_and_resistant,2022-11-01 02:15:00,2022-11-01 03:00:00,331.9,334.2233,330.35113,15m,tp,0.7,True
695,support_and_resistant,2022-11-03 02:30:00,2022-11-03 04:45:00,322.9,325.1603,321.39313,15m,tp,0.7,True
696,support_and_resistant,2022-11-04 04:00:00,2022-11-04 04:15:00,338.8,341.1716,337.21893,15m,tp,0.7,True
697,support_and_resistant,2022-11-04 19:15:00,2022-11-04 20:45:00,352.6,355.0682,350.95453,15m,tp,0.7,True
698,support_and_resistant,2022-11-05 06:15:00,2022-11-05 07:00:00,359.6,362.1172,357.92187,15m,sl,-0.47,True
699,support_and_resistant,2022-11-07 19:45:00,2022-11-07 21:15:00,342.3,344.6961,340.7026,15m,sl,-0.47,True
700,support_and_resistant,2022-11-10 20:30:00,2022-11-10 20:45:00,301.9,304.0133,300.49113,15m,tp,0.7,True
701,support_and_resistant,2022-11-13 03:30:00,2022-11-13 05:00:00,285.6,287.5992,284.2672,15m,sl,-0.47,True
702,support_and_resistant,2022-11-14 11:15:00,2022-11-14 11:45:00,286.3,288.3041,284.96393,15m,sl,-0.47,True
703,support_and_resistant,2022-11-18 20:00:00,2022-11-19 05:00:00,273.4,275.3138,272.12413,15m,sl,-0.47,True
704,support_and_resistant,2022-11-19 21:45:00,2022-11-20 10:30:00,272.2,274.1054,270.92973,15m,sl,-0.47,True
705,support_and_resistant,2022-11-22 13:00:00,2022-11-22 13:45:00,260.5,262.3235,259.28433,15m,tp,0.7,True
706,support_and_resistant,2022-11-22 17:00:00,2022-11-22 17:45:00,264.4,266.2508,263.16613,15m,sl,-0.47,True
707,support_and_resistant,2022-11-22 20:45:00,2022-11-22 22:00:00,264.1,265.9487,262.86753,15m,tp,0.7,True
708,support_and_resistant,2022-11-22 22:15:00,2022-11-22 22:45:00,265.8,267.6606,264.5596,15m,tp,0.7,True
709,support_and_resistant,2022-11-23 03:00:00,2022-11-23 03:45:00,272.1,274.0047,270.8302,15m,tp,0.7,True
710,support_and_resistant,2022-11-23 07:00:00,2022-11-23 07:45:00,272.3,274.2061,271.02927,15m,tp,0.7,True
711,support_and_resistant,2022-11-23 12:15:00,2022-11-23 12:45:00,297.9,299.9853,296.5098,15m,sl,-0.47,True
712,support_and_resistant,2022-11-23 13:45:00,2022-11-23 14:00:00,294.6,296.6622,293.2252,15m,tp,0.7,True
713,support_and_resistant,2022-11-23 14:15:00,2022-11-23 14:45:00,293.9,295.9573,292.52847,15m,tp,0.7,True
714,support_and_resistant,2022-11-23 18:45:00,2022-11-23 19:00:00,297.4,299.4818,296.01213,15m,tp,0.7,True
715,support_and_resistant,2022-11-25 12:00:00,2022-11-25 12:15:00,299.5,301.5965,298.10233,15m,tp,0.7,True
716,support_and_resistant,2022-11-25 12:30:00,2022-11-25 13:45:00,301.2,303.3084,299.7944,15m,sl,-0.47,True
717,support_and_resistant,2022-11-25 17:45:00,2022-11-26 00:45:00,300.9,303.0063,299.4958,15m,tp,0.7,True
718,support_and_resistant,2022-11-26 05:30:00,2022-11-26 08:00:00,311.5,313.6805,310.04633,15m,tp,0.7,True
719,support_and_resistant,2022-11-29 02:30:00,2022-11-29 04:15:00,296.1,298.1727,294.7182,15m,tp,0.7,True
720,support_and_resistant,2022-11-29 05:00:00,2022-11-29 05:15:00,301.8,303.9126,300.3916,15m,tp,0.7,True
721,support_and_resistant,2022-11-29 08:30:00,2022-11-29 12:00:00,304.2,306.3294,302.7804,15m,sl,-0.47,True
722,support_and_resistant,2022-12-04 21:45:00,2022-12-05 00:30:00,291.7,293.7419,290.33873,15m,tp,0.7,True
723,support_and_resistant,2022-12-05 01:00:00,2022-12-05 02:00:00,294.6,296.6622,293.2252,15m,tp,0.7,True
724,support_and_resistant,2022-12-05 05:15:00,2022-12-05 10:15:00,296.5,298.5755,295.11633,15m,sl,-0.47,True
725,support_and_resistant,2022-12-06 21:45:00,2022-12-07 00:30:00,288.8,290.8216,287.45227,15m,tp,0.7,True
726,support_and_resistant,2022-12-08 13:00:00,2022-12-08 15:15:00,285.3,287.2971,283.9686,15m,tp,0.7,True
727,support_and_resistant,2022-12-08 18:30:00,2022-12-09 14:00:00,290.2,292.2314,288.84573,15m,sl,-0.47,True
728,support_and_resistant,2022-12-10 15:00:00,2022-12-11 03:30:00,288.5,290.5195,287.15367,15m,tp,0.7,True
729,support_and_resistant,2022-12-11 06:45:00,2022-12-11 20:15:00,290.3,292.3321,288.94527,15m,sl,-0.47,True
730,support_and_resistant,2022-12-14 00:45:00,2022-12-14 02:45:00,273.1,275.0117,271.82553,15m,tp,0.7,True
731,support_and_resistant,2022-12-14 03:30:00,2022-12-14 11:30:00,275.3,277.2271,274.01527,15m,sl,-0.47,True
732,support_and_resistant,2022-12-17 10:30:00,2022-12-17 10:45:00,236.9,238.5583,235.79447,15m,tp,0.7,True
733,support_and_resistant,2022-12-18 02:45:00,2022-12-18 03:30:00,240.9,242.5863,239.7758,15m,tp,0.7,True
734,support_and_resistant,2022-12-18 11:00:00,2022-12-18 13:45:00,247.2,248.9304,246.0464,15m,sl,-0.47,True
735,support_and_resistant,2022-12-18 18:30:00,2022-12-18 19:30:00,248.1,249.8367,246.9422,15m,tp,0.7,True
736,support_and_resistant,2022-12-18 23:30:00,2022-12-18 23:45:00,252.2,253.9654,251.02307,15m,sl,-0.47,True
737,support_and_resistant,2022-12-20 07:30:00,2022-12-20 11:15:00,247.9,249.6353,246.74313,15m,tp,0.7,True
738,support_and_resistant,2022-12-20 11:30:00,2022-12-20 15:00:00,249.4,251.1458,248.23613,15m,tp,0.7,True
739,support_and_resistant,2022-12-23 02:30:00,2022-12-23 02:45:00,246.0,247.722,244.852,15m,tp,0.7,True
740,support_and_resistant,2022-12-23 03:00:00,2022-12-23 03:45:00,248.2,249.9374,247.04173,15m,sl,-0.47,True
741,support_and_resistant,2022-12-27 00:15:00,2022-12-27 08:45:00,243.9,245.6073,242.7618,15m,sl,-0.47,True
742,support_and_resistant,2022-12-27 19:45:00,2022-12-28 03:00:00,246.2,247.9234,245.05107,15m,sl,-0.47,True
743,support_and_resistant,2022-12-31 00:15:00,2022-12-31 13:15:00,245.7,247.4199,244.5534,15m,tp,0.7,True
744,support_and_resistant,2023-01-02 07:45:00,2023-01-02 23:45:00,246.4,248.1248,245.25013,15m,sl,-0.47,True
745,support_and_resistant,2023-01-04 16:00:00,2023-01-04 16:30:00,259.4,261.2158,258.18947,15m,sl,-0.47,True
746,support_and_resistant,2023-01-06 15:45:00,2023-01-07 00:45:00,259.1,260.9137,257.89087,15m,tp,0.7,True
747,support_and_resistant,2023-01-07 03:45:00,2023-01-07 05:45:00,262.1,263.9347,260.87687,15m,sl,-0.47,True
748,support_and_resistant,2023-01-08 14:30:00,2023-01-08 15:30:00,262.5,264.3375,261.275,15m,tp,0.7,True
749,support_and_resistant,2023-01-08 18:45:00,2023-01-08 19:30:00,265.6,267.4592,264.36053,15m,tp,0.7,True
750,support_and_resistant,2023-01-09 10:15:00,2023-01-09 11:45:00,279.8,281.7586,278.49427,15m,sl,-0.47,True
751,support_and_resistant,2023-01-11 23:00:00,2023-01-11 23:15:00,280.8,282.7656,279.4896,15m,tp,0.7,True
752,support_and_resistant,2023-01-12 04:00:00,2023-01-12 05:45:00,286.5,288.5055,285.163,15m,sl,-0.47,True
753,support_and_resistant,2023-01-12 23:15:00,2023-01-13 03:00:00,286.5,288.5055,285.163,15m,tp,0.7,True
754,support_and_resistant,2023-01-14 05:00:00,2023-01-14 06:15:00,306.7,308.8469,305.26873,15m,tp,0.7,True
755,support_and_resistant,2023-01-14 06:30:00,2023-01-14 06:45:00,310.2,312.3714,308.7524,15m,tp,0.7,True
756,support_and_resistant,2023-01-17 11:30:00,2023-01-17 14:00:00,301.6,303.7112,300.19253,15m,tp,0.7,True
757,support_and_resistant,2023-01-18 03:30:00,2023-01-18 07:15:00,302.9,305.0203,301.48647,15m,sl,-0.47,True
758,support_and_resistant,2023-01-19 23:30:00,2023-01-20 05:15:00,294.6,296.6622,293.2252,15m,sl,-0.47,True
759,support_and_resistant,2023-01-21 07:45:00,2023-01-21 09:45:00,304.8,306.9336,303.3776,15m,tp,0.7,True
760,support_and_resistant,2023-01-23 21:30:00,2023-01-24 01:30:00,306.3,308.4441,304.8706,15m,tp,0.7,True
761,support_and_resistant,2023-01-25 20:15:00,2023-01-25 21:30:00,304.4,306.5308,302.97947,15m,tp,0.7,True
762,support_and_resistant,2023-01-26 01:15:00,2023-01-26 03:30:00,308.3,310.4581,306.86127,15m,sl,-0.47,True
763,support_and_resistant,2023-01-29 09:15:00,2023-01-29 10:15:00,311.7,313.8819,310.2454,15m,tp,0.7,True
764,support_and_resistant,2023-01-29 15:15:00,2023-01-29 16:00:00,319.8,322.0386,318.3076,15m,sl,-0.47,True
765,support_and_resistant,2023-01-31 19:00:00,2023-01-31 21:15:00,312.8,314.9896,311.34027,15m,sl,-0.47,True
766,support_and_resistant,2023-02-02 01:15:00,2023-02-02 03:15:00,321.3,323.5491,319.8006,15m,tp,0.7,True
767,support_and_resistant,2023-02-02 04:00:00,2023-02-02 04:30:00,326.5,328.7855,324.97633,15m,tp,0.7,True
768,support_and_resistant,2023-02-02 09:00:00,2023-02-02 12:45:00,329.4,331.7058,327.8628,15m,tp,0.7,True
769,support_and_resistant,2023-02-03 10:15:00,2023-02-03 11:00:00,323.9,326.1673,322.38847,15m,tp,0.7,True
770,support_and_resistant,2023-02-03 11:15:00,2023-02-03 11:45:00,325.7,327.9799,324.18007,15m,tp,0.7,True
771,support_and_resistant,2023-02-03 16:00:00,2023-02-03 16:45:00,332.0,334.324,330.45067,15m,sl,-0.47,True
772,support_and_resistant,2023-02-04 14:00:00,2023-02-04 21:15:00,331.4,333.7198,329.85347,15m,sl,-0.47,True
773,support_and_resistant,2023-02-05 09:15:00,2023-02-05 09:45:00,336.4,338.7548,334.83013,15m,sl,-0.47,True
774,support_and_resistant,2023-02-06 12:30:00,2023-02-06 14:00:00,327.9,330.1953,326.3698,15m,sl,-0.47,True
775,support_and_resistant,2023-02-07 06:00:00,2023-02-07 09:00:00,328.1,330.3967,326.56887,15m,tp,0.7,True
776,support_and_resistant,2023-02-07 20:30:00,2023-02-08 00:30:00,331.4,333.7198,329.85347,15m,tp,0.7,True
777,support_and_resistant,2023-02-11 04:00:00,2023-02-11 12:15:00,307.4,309.5518,305.96547,15m,tp,0.7,True
778,support_and_resistant,2023-02-11 12:45:00,2023-02-11 21:45:00,308.7,310.8609,307.2594,15m,tp,0.7,True
779,support_and_resistant,2023-02-11 22:00:00,2023-02-12 01:45:00,310.5,312.6735,309.051,15m,sl,-0.47,True
780,support_and_resistant,2023-02-14 18:45:00,2023-02-15 00:00:00,297.1,299.1797,295.71353,15m,sl,-0.47,True
781,support_and_resistant,2023-02-15 06:15:00,2023-02-15 10:15:00,296.9,298.9783,295.51447,15m,tp,0.7,True
782,support_and_resistant,2023-02-15 10:30:00,2023-02-15 11:30:00,299.4,301.4958,298.0028,15m,tp,0.7,True
783,support_and_resistant,2023-02-16 04:00:00,2023-02-16 04:30:00,320.6,322.8442,319.10387,15m,tp,0.7,True
784,support_and_resistant,2023-02-16 05:15:00,2023-02-16 05:45:00,324.3,326.5701,322.7866,15m,sl,-0.47,True
785,support_and_resistant,2023-02-18 04:00:00,2023-02-18 05:45:00,315.2,317.4064,313.72907,15m,tp,0.7,True
786,support_and_resistant,2023-02-18 13:45:00,2023-02-18 19:30:00,316.5,318.7155,315.023,15m,sl,-0.47,True
787,support_and_resistant,2023-02-19 12:45:00,2023-02-19 15:15:00,316.0,318.212,314.52533,15m,tp,0.7,True
788,support_and_resistant,2023-02-20 07:30:00,2023-02-20 10:00:00,316.5,318.7155,315.023,15m,tp,0.7,True
789,support_and_resistant,2023-02-22 23:00:00,2023-02-23 02:45:00,311.8,313.9826,310.34493,15m,tp,0.7,True
790,support_and_resistant,2023-02-24 07:15:00,2023-02-24 09:00:00,309.9,312.0693,308.4538,15m,tp,0.7,True
791,support_and_resistant,2023-02-26 02:15:00,2023-02-26 14:00:00,302.0,304.114,300.59067,15m,tp,0.7,True
792,support_and_resistant,2023-02-26 14:30:00,2023-02-26 18:30:00,303.9,306.0273,302.4818,15m,tp,0.7,True
793,support_and_resistant,2023-02-26 23:30:00,2023-02-27 04:30:00,308.9,311.0623,307.45847,15m,sl,-0.47,True
794,support_and_resistant,2023-03-05 03:45:00,2023-03-05 21:30:00,290.5,292.5335,289.14433,15m,sl,-0.47,True
795,support_and_resistant,2023-03-10 16:15:00,2023-03-10 17:00:00,276.0,277.932,274.712,15m,sl,-0.47,True
796,support_and_resistant,2023-03-10 18:15:00,2023-03-10 19:45:00,274.9,276.8243,273.61713,15m,tp,0.7,True
797,support_and_resistant,2023-03-10 22:30:00,2023-03-11 00:15:00,276.5,278.4355,275.20967,15m,tp,0.7,True
798,support_and_resistant,2023-03-11 00:45:00,2023-03-11 01:30:00,277.2,279.1404,275.9064,15m,tp,0.7,True
799,support_and_resistant,2023-03-11 01:45:00,2023-03-11 02:00:00,280.8,282.7656,279.4896,15m,sl,-0.47,True
800,support_and_resistant,2023-03-12 21:30:00,2023-03-12 22:15:00,280.2,282.1614,278.8924,15m,tp,0.7,True
801,support_and_resistant,2023-03-12 22:30:00,2023-03-12 23:45:00,285.8,287.8006,284.46627,15m,tp,0.7,True
802,support_and_resistant,2023-03-13 07:15:00,2023-03-13 08:30:00,303.8,305.9266,302.38227,15m,tp,0.7,True
803,support_and_resistant,2023-03-13 19:15:00,2023-03-13 21:45:00,306.4,308.5448,304.97013,15m,tp,0.7,True
804,support_and_resistant,2023-03-16 03:15:00,2023-03-16 06:00:00,310.0,312.17,308.55333,15m,tp,0.7,True
805,support_and_resistant,2023-03-16 22:15:00,2023-03-16 23:15:00,331.1,333.4177,329.55487,15m,sl,-0.47,True
806,support_and_resistant,2023-03-17 09:45:00,2023-03-17 10:45:00,334.3,336.6401,332.73993,15m,tp,0.7,True
807,support_and_resistant,2023-03-17 20:15:00,2023-03-17 21:30:00,334.9,337.2443,333.33713,15m,tp,0.7,True
808,support_and_resistant,2023-03-18 04:15:00,2023-03-18 06:30:00,344.3,346.7101,342.69327,15m,sl,-0.47,True
809,support_and_resistant,2023-03-19 12:30:00,2023-03-19 15:00:00,339.3,341.6751,337.7166,15m,tp,0.7,True
810,support_and_resistant,2023-03-20 11:00:00,2023-03-20 13:30:00,338.0,340.366,336.42267,15m,sl,-0.47,True
811,support_and_resistant,2023-03-21 14:00:00,2023-03-21 16:15:00,335.9,338.2513,334.33247,15m,tp,0.7,True
812,support_and_resistant,2023-03-23 20:30:00,2023-03-24 02:45:00,328.8,331.1016,327.2656,15m,sl,-0.47,True
813,support_and_resistant,2023-03-26 08:45:00,2023-03-26 13:30:00,325.6,327.8792,324.08053,15m,tp,0.7,True
814,support_and_resistant,2023-03-26 18:00:00,2023-03-27 07:30:00,327.9,330.1953,326.3698,15m,sl,-0.47,True
815,support_and_resistant,2023-03-29 00:00:00,2023-03-29 01:15:00,313.2,315.3924,311.7384,15m,tp,0.7,True
816,support_and_resistant,2023-03-30 10:45:00,2023-03-30 14:00:00,317.1,319.3197,315.6202,15m,sl,-0.47,True
817,support_and_resistant,2023-04-04 03:45:00,2023-04-04 11:00:00,309.7,311.8679,308.25473,15m,tp,0.7,True
818,support_and_resistant,2023-04-09 22:30:00,2023-04-10 22:45:00,313.2,315.3924,311.7384,15m,tp,0.7,True
819,support_and_resistant,2023-04-11 06:45:00,2023-04-11 08:00:00,332.4,334.7268,330.8488,15m,sl,-0.47,True
820,support_and_resistant,2023-04-11 10:30:00,2023-04-11 12:15:00,330.2,332.5114,328.65907,15m,sl,-0.47,True
821,support_and_resistant,2023-04-13 16:00:00,2023-04-14 00:30:00,323.1,325.3617,321.5922,15m,tp,0.7,True
822,support_and_resistant,2023-04-14 01:15:00,2023-04-14 04:15:00,330.4,332.7128,328.85813,15m,tp,0.7,True
823,support_and_resistant,2023-04-14 05:15:00,2023-04-14 08:15:00,334.1,336.4387,332.54087,15m,sl,-0.47,True
824,support_and_resistant,2023-04-15 09:30:00,2023-04-15 14:30:00,332.8,335.1296,331.24693,15m,tp,0.7,True
825,support_and_resistant,2023-04-15 15:00:00,2023-04-15 16:15:00,334.7,337.0429,333.13807,15m,sl,-0.47,True
826,support_and_resistant,2023-04-16 12:30:00,2023-04-16 13:00:00,338.7,341.0709,337.1194,15m,tp,0.7,True
827,support_and_resistant,2023-04-16 18:00:00,2023-04-17 00:15:00,348.1,350.5367,346.47553,15m,sl,-0.47,True
828,support_and_resistant,2023-04-18 05:30:00,2023-04-18 11:45:00,343.9,346.3073,342.29513,15m,tp,0.7,True
829,support_and_resistant,2023-04-21 10:45:00,2023-04-21 11:00:00,329.8,332.1086,328.26093,15m,sl,-0.47,True
830,support_and_resistant,2023-04-22 19:15:00,2023-04-22 22:00:00,330.4,332.7128,328.85813,15m,tp,0.7,True
831,support_and_resistant,2023-04-23 23:15:00,2023-04-24 01:00:00,330.4,332.7128,328.85813,15m,tp,0.7,True
832,support_and_resistant,2023-04-26 03:00:00,2023-04-26 07:15:00,338.5,340.8695,336.92033,15m,sl,-0.47,True
833,support_and_resistant,2023-04-26 15:45:00,2023-04-26 19:00:00,342.2,344.5954,340.60307,15m,sl,-0.47,True
834,support_and_resistant,2023-04-30 21:45:00,2023-05-01 01:30:00,337.8,340.1646,336.2236,15m,sl,-0.47,True
835,support_and_resistant,2023-05-03 21:45:00,2023-05-04 14:45:00,325.9,328.1813,324.37913,15m,sl,-0.47,True
836,support_and_resistant,2023-05-09 08:30:00,2023-05-09 11:00:00,315.6,317.8092,314.1272,15m,sl,-0.47,True
837,support_and_resistant,2023-05-13 01:30:00,2023-05-13 21:15:00,309.1,311.2637,307.65753,15m,tp,0.7,True
838,support_and_resistant,2023-05-17 01:30:00,2023-05-17 05:45:00,312.8,314.9896,311.34027,15m,sl,-0.47,True
839,support_and_resistant,2023-05-18 00:30:00,2023-05-18 06:15:00,313.9,316.0973,312.43513,15m,sl,-0.47,True
840,support_and_resistant,2023-05-20 14:30:00,2023-05-20 18:00:00,309.5,311.6665,308.05567,15m,tp,0.7,True
841,support_and_resistant,2023-05-20 18:30:00,2023-05-20 23:00:00,311.6,313.7812,310.14587,15m,sl,-0.47,True
842,support_and_resistant,2023-05-26 12:30:00,2023-05-26 14:30:00,305.9,308.0413,304.47247,15m,tp,0.7,True
843,support_and_resistant,2023-05-26 20:15:00,2023-05-27 08:30:00,307.2,309.3504,305.7664,15m,sl,-0.47,True
844,support_and_resistant,2023-05-28 21:45:00,2023-05-28 22:00:00,311.5,313.6805,310.04633,15m,tp,0.7,True
845,support_and_resistant,2023-06-02 08:45:00,2023-06-02 13:15:00,307.8,309.9546,306.3636,15m,sl,-0.47,True
846,support_and_resistant,2023-06-06 17:00:00,2023-06-06 19:15:00,282.1,284.0747,280.78353,15m,tp,0.7,True
847,support_and_resistant,2023-06-13 03:15:00,2023-06-13 04:00:00,234.5,236.1415,233.40567,15m,sl,-0.47,True
848,support_and_resistant,2023-06-13 06:15:00,2023-06-13 08:30:00,235.4,237.0478,234.30147,15m,tp,0.7,True
849,support_and_resistant,2023-06-13 08:45:00,2023-06-13 09:30:00,238.1,239.7667,236.98887,15m,sl,-0.47,True
850,support_and_resistant,2023-06-13 11:45:00,2023-06-13 12:30:00,243.4,245.1038,242.26413,15m,tp,0.7,True
851,support_and_resistant,2023-06-13 23:30:00,2023-06-14 00:00:00,243.0,244.701,241.866,15m,tp,0.7,True
852,support_and_resistant,2023-06-14 10:45:00,2023-06-14 13:00:00,248.9,250.6423,247.73847,15m,sl,-0.47,True
853,support_and_resistant,2023-06-16 15:45:00,2023-06-16 17:15:00,238.5,240.1695,237.387,15m,tp,0.7,True
854,support_and_resistant,2023-06-17 09:00:00,2023-06-17 11:30:00,247.0,248.729,245.84733,15m,sl,-0.47,True
855,support_and_resistant,2023-06-18 10:15:00,2023-06-18 11:15:00,247.5,249.2325,246.345,15m,sl,-0.47,True
856,support_and_resistant,2023-06-20 21:45:00,2023-06-20 23:15:00,243.5,245.2045,242.36367,15m,tp,0.7,True
857,support_and_resistant,2023-06-20 23:45:00,2023-06-21 01:00:00,247.7,249.4339,246.54407,15m,tp,0.7,True
858,support_and_resistant,2023-06-21 16:00:00,2023-06-21 16:15:00,250.3,252.0521,249.13193,15m,tp,0.7,True
859,support_and_resistant,2023-06-21 16:45:00,2023-06-21 17:00:00,249.6,251.3472,248.4352,15m,tp,0.7,True
860,support_and_resistant,2023-06-24 05:30:00,2023-06-24 07:30:00,247.9,249.6353,246.74313,15m,sl,-0.47,True
861,support_and_resistant,2023-06-27 07:45:00,2023-06-27 14:00:00,238.5,240.1695,237.387,15m,tp,0.7,True
862,support_and_resistant,2023-06-29 07:30:00,2023-06-29 10:30:00,233.4,235.0338,232.3108,15m,tp,0.7,True
863,support_and_resistant,2023-06-29 11:00:00,2023-06-29 12:15:00,234.8,236.4436,233.70427,15m,tp,0.7,True
864,support_and_resistant,2023-06-30 07:45:00,2023-06-30 10:15:00,238.7,240.3709,237.58607,15m,tp,0.7,True
865,support_and_resistant,2023-06-30 21:00:00,2023-07-01 00:15:00,240.7,242.3849,239.57673,15m,tp,0.7,True
866,support_and_resistant,2023-07-01 00:45:00,2023-07-01 02:00:00,243.2,244.9024,242.06507,15m,sl,-0.47,True
867,support_and_resistant,2023-07-01 13:00:00,2023-07-01 14:00:00,245.8,247.5206,244.65293,15m,tp,0.7,True
868,support_and_resistant,2023-07-01 21:45:00,2023-07-01 22:30:00,248.4,250.1388,247.2408,15m,sl,-0.47,True
869,support_and_resistant,2023-07-06 04:00:00,2023-07-06 07:00:00,240.3,241.9821,239.1786,15m,tp,0.7,True
870,support_and_resistant,2023-07-07 21:45:00,2023-07-08 01:15:00,235.1,236.7457,234.00287,15m,tp,0.7,True
871,support_and_resistant,2023-07-10 14:15:00,2023-07-10 14:45:00,243.3,245.0031,242.1646,15m,tp,0.7,True
872,support_and_resistant,2023-07-10 19:00:00,2023-07-10 22:30:00,244.9,246.6143,243.75713,15m,sl,-0.47,True
873,support_and_resistant,2023-07-11 00:30:00,2023-07-11 02:30:00,245.0,246.715,243.85667,15m,tp,0.7,True
874,support_and_resistant,2023-07-11 07:00:00,2023-07-11 08:15:00,247.0,248.729,245.84733,15m,tp,0.7,True
875,support_and_resistant,2023-07-12 06:00:00,2023-07-12 08:30:00,249.6,251.3472,248.4352,15m,sl,-0.47,True
876,support_and_resistant,2023-07-13 14:00:00,2023-07-13 15:15:00,246.1,247.8227,244.95153,15m,tp,0.7,True
877,support_and_resistant,2023-07-13 23:30:00,2023-07-14 00:15:00,256.1,257.8927,254.90487,15m,tp,0.7,True
878,support_and_resistant,2023-07-15 08:15:00,2023-07-15 09:00:00,250.5,252.2535,249.331,15m,tp,0.7,True
879,support_and_resistant,2023-07-27 08:00:00,2023-07-27 14:15:00,242.1,243.7947,240.9702,15m,sl,-0.47,True
880,support_and_resistant,2023-07-30 16:45:00,2023-07-30 19:45:00,243.5,245.2045,242.36367,15m,sl,-0.47,True
881,support_and_resistant,2023-08-04 15:00:00,2023-08-04 18:15:00,243.1,244.8017,241.96553,15m,sl,-0.47,True
882,support_and_resistant,2023-08-06 06:30:00,2023-08-06 14:00:00,244.2,245.9094,243.0604,15m,sl,-0.47,True
883,support_and_resistant,2023-08-08 03:45:00,2023-08-08 12:30:00,242.4,244.0968,241.2688,15m,tp,0.7,True
884,support_and_resistant,2023-08-08 16:00:00,2023-08-08 18:00:00,244.9,246.6143,243.75713,15m,tp,0.7,True
