,strategy,entry_date,out_date,enter_price,tp,sl,interval,status,change,strategy_long,message
0,nwe,2021-01-04 06:45:00,2021-01-04 07:15:00,42.0266,41.18607,42.58695,15m,tp,2.0,False,
1,nwe,2021-01-04 07:45:00,2021-01-04 09:30:00,40.7716,39.95617,41.31522,15m,tp,2.0,False,
2,nwe,2021-01-04 11:45:00,2021-01-04 12:30:00,39.0528,39.83386,38.5321,15m,tp,2.0,True,
3,nwe,2021-01-08 03:15:00,2021-01-08 07:45:00,41.6562,42.48932,41.10078,15m,tp,2.0,True,
4,nwe,2021-01-10 21:00:00,2021-01-11 01:30:00,41.9354,42.77411,41.37626,15m,sl,-1.33,True,
5,nwe,2021-01-11 04:15:00,2021-01-11 04:45:00,38.9807,39.76031,38.46096,15m,tp,2.0,True,
6,nwe,2021-01-11 06:45:00,2021-01-11 07:30:00,38.0,38.76,37.49333,15m,tp,2.0,True,
7,nwe,2021-01-11 07:45:00,2021-01-11 08:45:00,39.242,40.02684,38.71877,15m,tp,2.0,True,
8,nwe,2021-01-11 10:45:00,2021-01-11 11:45:00,39.4639,38.67462,39.99009,15m,tp,2.0,False,
9,nwe,2021-01-11 16:45:00,2021-01-11 17:15:00,35.8756,36.59311,35.39726,15m,tp,2.0,True,
10,nwe,2021-01-11 17:30:00,2021-01-11 18:30:00,36.9532,37.69226,36.46049,15m,tp,2.0,True,
11,nwe,2021-01-16 14:00:00,2021-01-16 17:30:00,43.3401,42.4733,43.91797,15m,tp,2.0,False,
12,nwe,2021-01-19 14:00:00,2021-01-19 14:45:00,45.6671,44.75376,46.27599,15m,tp,2.0,False,
13,nwe,2021-01-21 20:45:00,2021-01-21 22:00:00,40.1632,39.35994,40.69871,15m,tp,2.0,False,
14,nwe,2021-01-22 01:00:00,2021-01-22 01:30:00,37.1007,37.84271,36.60602,15m,tp,2.0,True,
15,nwe,2021-01-22 01:45:00,2021-01-22 02:45:00,38.1862,38.94992,37.67705,15m,tp,2.0,True,
16,nwe,2021-02-01 06:30:00,2021-02-01 09:00:00,45.6549,44.7418,46.26363,15m,sl,-1.33,False,
17,nwe,2021-02-05 23:00:00,2021-02-05 23:15:00,67.5363,66.18557,68.43678,15m,sl,-1.33,False,
18,nwe,2021-02-05 23:45:00,2021-02-06 00:00:00,67.7005,66.34649,68.60317,15m,tp,2.0,False,
19,nwe,2021-02-06 00:15:00,2021-02-06 00:30:00,65.8722,64.55476,66.7505,15m,tp,2.0,False,
20,nwe,2021-02-06 02:15:00,2021-02-06 06:00:00,65.1714,66.47483,64.30245,15m,tp,2.0,True,
21,nwe,2021-02-06 07:45:00,2021-02-06 08:30:00,70.4045,68.99641,71.34323,15m,sl,-1.33,False,
22,nwe,2021-02-06 09:15:00,2021-02-06 09:30:00,73.4473,71.97835,74.4266,15m,sl,-1.33,False,
23,nwe,2021-02-06 09:45:00,2021-02-06 10:45:00,74.1501,72.6671,75.13877,15m,tp,2.0,False,
24,nwe,2021-02-06 11:00:00,2021-02-06 11:30:00,71.9628,70.52354,72.9223,15m,sl,-1.33,False,
25,nwe,2021-02-09 17:30:00,2021-02-09 18:00:00,106.8525,104.71545,108.2772,15m,sl,-1.33,False,
26,nwe,2021-02-10 04:45:00,2021-02-10 05:00:00,119.6121,122.00434,118.01727,15m,tp,2.0,True,
27,nwe,2021-02-10 08:30:00,2021-02-10 08:45:00,144.7618,141.86656,146.69196,15m,sl,-1.33,False,
28,nwe,2021-02-10 09:00:00,2021-02-10 09:30:00,146.922,143.98356,148.88096,15m,tp,2.0,False,
29,nwe,2021-02-10 09:45:00,2021-02-10 10:00:00,137.1629,134.41964,138.99174,15m,sl,-1.33,False,
30,nwe,2021-02-10 10:15:00,2021-02-10 10:45:00,142.1516,139.30857,144.04695,15m,sl,-1.33,False,
31,nwe,2021-02-10 11:00:00,2021-02-10 11:45:00,140.0261,137.22558,141.89311,15m,tp,2.0,False,
32,nwe,2021-02-10 13:15:00,2021-02-10 13:30:00,125.5828,128.09446,123.90836,15m,tp,2.0,True,
33,nwe,2021-02-10 15:30:00,2021-02-10 15:45:00,117.4998,119.8498,115.93314,15m,tp,2.0,True,
34,nwe,2021-02-10 16:00:00,2021-02-10 16:15:00,125.1037,127.60577,123.43565,15m,tp,2.0,True,
35,nwe,2021-02-12 13:00:00,2021-02-12 13:15:00,138.4215,135.65307,140.26712,15m,tp,2.0,False,
36,nwe,2021-02-12 13:30:00,2021-02-12 13:45:00,135.9932,133.27334,137.80644,15m,tp,2.0,False,
37,nwe,2021-02-15 00:00:00,2021-02-15 00:45:00,137.6708,134.91738,139.50641,15m,tp,2.0,False,
38,nwe,2021-02-15 01:00:00,2021-02-15 01:30:00,134.1034,131.42133,135.89145,15m,tp,2.0,False,
39,nwe,2021-02-15 03:00:00,2021-02-15 03:30:00,126.8949,129.4328,125.20297,15m,sl,-1.33,True,
40,nwe,2021-02-15 04:15:00,2021-02-15 05:00:00,123.5657,126.03701,121.91816,15m,tp,2.0,True,
41,nwe,2021-02-15 05:15:00,2021-02-15 06:00:00,125.2962,127.80212,123.62558,15m,tp,2.0,True,
42,nwe,2021-02-19 06:15:00,2021-02-19 06:30:00,248.4404,243.47159,251.75294,15m,tp,2.0,False,
43,nwe,2021-02-19 15:30:00,2021-02-19 16:00:00,312.3404,306.09359,316.50494,15m,tp,2.0,False,
44,nwe,2021-02-19 22:45:00,2021-02-19 23:00:00,327.6782,321.12464,332.04724,15m,sl,-1.33,False,
45,nwe,2021-02-20 00:00:00,2021-02-20 00:15:00,329.5528,322.96174,333.94684,15m,tp,2.0,False,
46,nwe,2021-02-20 02:15:00,2021-02-20 02:30:00,305.8161,311.93242,301.73855,15m,tp,2.0,True,
47,nwe,2021-02-20 23:15:00,2021-02-20 23:30:00,256.1,261.222,252.68533,15m,sl,-1.33,True,
48,nwe,2021-02-22 14:45:00,2021-02-22 15:00:00,272.0,277.44,268.37333,15m,sl,-1.33,True,
49,nwe,2021-02-23 09:00:00,2021-02-23 09:15:00,196.8032,200.73926,194.17916,15m,tp,2.0,True,
50,nwe,2021-02-23 09:30:00,2021-02-23 09:45:00,213.4893,217.75909,210.64278,15m,tp,2.0,True,
51,nwe,2021-02-23 12:15:00,2021-02-23 12:30:00,203.0,207.06,200.29333,15m,tp,2.0,True,
52,nwe,2021-02-24 10:15:00,2021-02-24 10:45:00,265.6016,260.28957,269.14295,15m,tp,2.0,False,
53,nwe,2021-03-01 11:45:00,2021-03-01 13:00:00,251.5928,246.56094,254.94737,15m,sl,-1.33,False,
54,nwe,2021-03-02 01:00:00,2021-03-02 03:15:00,253.5001,248.4301,256.8801,15m,tp,2.0,False,
55,nwe,2021-03-09 08:00:00,2021-03-09 09:00:00,244.3,249.186,241.04267,15m,tp,2.0,True,
56,nwe,2021-03-09 09:15:00,2021-03-09 10:00:00,260.7265,265.94103,257.25015,15m,tp,2.0,True,
57,nwe,2021-03-09 11:00:00,2021-03-09 12:00:00,266.7282,261.39364,270.28458,15m,sl,-1.33,False,
58,nwe,2021-03-10 02:45:00,2021-03-10 04:45:00,276.0,281.52,272.32,15m,tp,2.0,True,
59,nwe,2021-03-11 14:30:00,2021-03-11 15:00:00,306.5222,300.39176,310.60916,15m,tp,2.0,False,
60,nwe,2021-03-11 15:15:00,2021-03-11 16:00:00,289.3437,283.55683,293.20162,15m,sl,-1.33,False,
61,nwe,2021-03-12 13:45:00,2021-03-12 15:00:00,264.4932,269.78306,260.96662,15m,tp,2.0,True,
62,nwe,2021-03-16 01:45:00,2021-03-16 07:00:00,246.0792,251.00078,242.79814,15m,tp,2.0,True,
63,nwe,2021-03-22 18:00:00,2021-03-22 19:00:00,273.8969,268.41896,277.54886,15m,tp,2.0,False,
64,nwe,2021-03-24 23:00:00,2021-03-25 01:45:00,248.1775,253.14105,244.86847,15m,sl,-1.33,True,
65,nwe,2021-03-25 02:45:00,2021-03-25 05:15:00,240.7597,245.57489,237.54957,15m,tp,2.0,True,
66,nwe,2021-03-25 11:30:00,2021-03-25 12:00:00,243.7402,238.8654,246.99007,15m,tp,2.0,False,
67,nwe,2021-03-25 12:15:00,2021-03-25 12:30:00,227.0849,222.5432,230.1127,15m,sl,-1.33,False,
68,nwe,2021-03-30 09:15:00,2021-03-30 10:00:00,292.2081,286.36394,296.10421,15m,sl,-1.33,False,
69,nwe,2021-04-02 01:45:00,2021-04-02 02:15:00,347.3175,340.37115,351.9484,15m,tp,2.0,False,
70,nwe,2021-04-07 12:00:00,2021-04-07 12:15:00,360.6083,367.82047,355.80019,15m,tp,2.0,True,
71,nwe,2021-04-07 12:45:00,2021-04-07 13:00:00,373.0662,380.52752,368.09198,15m,tp,2.0,True,
72,nwe,2021-04-10 01:45:00,2021-04-10 02:00:00,474.8,465.304,481.13067,15m,sl,-1.33,False,
73,nwe,2021-04-10 02:15:00,2021-04-10 02:30:00,483.6039,473.93182,490.05195,15m,tp,2.0,False,
74,nwe,2021-04-12 09:00:00,2021-04-12 09:15:00,608.0561,595.89498,616.16351,15m,sl,-1.33,False,
75,nwe,2021-04-12 09:30:00,2021-04-12 09:45:00,583.0,571.34,590.77333,15m,tp,2.0,False,
76,nwe,2021-04-12 10:00:00,2021-04-12 10:15:00,570.8147,559.39841,578.42556,15m,tp,2.0,False,
77,nwe,2021-04-12 11:15:00,2021-04-12 12:15:00,583.9731,595.65256,576.18679,15m,sl,-1.33,True,
78,nwe,2021-04-14 14:45:00,2021-04-14 15:15:00,542.5144,553.36469,535.28087,15m,tp,2.0,True,
79,nwe,2021-04-18 04:15:00,2021-04-18 04:30:00,482.0672,491.70854,475.63964,15m,sl,-1.33,True,
80,nwe,2021-04-18 12:30:00,2021-04-18 14:15:00,450.0,459.0,444.0,15m,tp,2.0,True,
81,nwe,2021-04-20 16:00:00,2021-04-20 16:45:00,536.4228,547.15126,529.2705,15m,tp,2.0,True,
82,nwe,2021-04-23 03:00:00,2021-04-23 03:30:00,487.7438,497.49868,481.24055,15m,tp,2.0,True,
83,nwe,2021-04-26 00:30:00,2021-04-26 01:30:00,516.82,527.1564,509.92907,15m,tp,2.0,True,
84,nwe,2021-04-29 13:15:00,2021-04-29 15:00:00,602.91,590.8518,610.9488,15m,tp,2.0,False,
85,nwe,2021-05-04 03:30:00,2021-05-04 04:15:00,636.24,648.9648,627.7568,15m,tp,2.0,True,
86,nwe,2021-05-04 15:45:00,2021-05-04 17:30:00,612.85,625.107,604.67867,15m,tp,2.0,True,
87,nwe,2021-05-09 10:00:00,2021-05-09 10:45:00,666.36,653.0328,675.2448,15m,sl,-1.33,False,
88,nwe,2021-05-10 20:45:00,2021-05-10 21:30:00,628.02,640.5804,619.6464,15m,tp,2.0,True,
89,nwe,2021-05-13 00:30:00,2021-05-13 01:00:00,603.08,615.1416,595.03893,15m,tp,2.0,True,
90,nwe,2021-05-13 18:00:00,2021-05-13 18:15:00,570.85,582.267,563.23867,15m,sl,-1.33,True,
91,nwe,2021-05-13 19:30:00,2021-05-13 19:45:00,558.88,570.0576,551.42827,15m,sl,-1.33,True,
92,nwe,2021-05-19 13:15:00,2021-05-19 13:30:00,330.72,337.3344,326.3104,15m,tp,2.0,True,
93,nwe,2021-05-19 13:45:00,2021-05-19 14:00:00,352.34,359.3868,347.64213,15m,sl,-1.33,True,
94,nwe,2021-05-19 14:45:00,2021-05-19 15:15:00,358.99,366.1698,354.20347,15m,tp,2.0,True,
95,nwe,2021-05-20 01:15:00,2021-05-20 02:00:00,311.16,317.3832,307.0112,15m,tp,2.0,True,
96,nwe,2021-05-20 02:15:00,2021-05-20 02:45:00,331.32,337.9464,326.9024,15m,tp,2.0,True,
97,nwe,2021-05-21 21:45:00,2021-05-21 22:30:00,316.1,322.422,311.88533,15m,tp,2.0,True,
98,nwe,2021-05-23 17:15:00,2021-05-23 18:00:00,231.56,236.1912,228.47253,15m,sl,-1.33,True,
99,nwe,2021-05-28 10:00:00,2021-05-28 11:15:00,325.82,332.3364,321.47573,15m,sl,-1.33,True,
100,nwe,2021-06-04 07:45:00,2021-06-04 09:30:00,376.15,383.673,371.13467,15m,tp,2.0,True,
101,nwe,2021-06-08 03:45:00,2021-06-08 07:30:00,346.33,353.2566,341.71227,15m,tp,2.0,True,
102,nwe,2021-06-08 15:45:00,2021-06-08 16:00:00,331.24,337.8648,326.82347,15m,tp,2.0,True,
103,nwe,2021-06-08 16:15:00,2021-06-08 18:00:00,337.9,344.658,333.39467,15m,tp,2.0,True,
104,nwe,2021-06-20 12:45:00,2021-06-20 15:00:00,316.91,323.2482,312.68453,15m,tp,2.0,True,
105,nwe,2021-06-21 12:00:00,2021-06-21 13:00:00,302.14,308.1828,298.11147,15m,sl,-1.33,True,
106,nwe,2021-06-21 23:30:00,2021-06-21 23:45:00,275.65,281.163,271.97467,15m,sl,-1.33,True,
107,nwe,2021-06-22 00:30:00,2021-06-22 00:45:00,267.3,272.646,263.736,15m,tp,2.0,True,
108,nwe,2021-06-22 01:00:00,2021-06-22 03:15:00,282.08,287.7216,278.31893,15m,tp,2.0,True,
109,nwe,2021-06-22 07:30:00,2021-06-22 08:00:00,283.72,278.0456,287.50293,15m,tp,2.0,False,
110,nwe,2021-06-22 08:15:00,2021-06-22 09:15:00,270.4,264.992,274.00533,15m,tp,2.0,False,
111,nwe,2021-06-22 13:00:00,2021-06-22 13:30:00,238.78,243.5556,235.59627,15m,sl,-1.33,True,
112,nwe,2021-06-22 13:45:00,2021-06-22 14:00:00,230.92,235.5384,227.84107,15m,tp,2.0,True,
113,nwe,2021-06-22 14:15:00,2021-06-22 14:30:00,238.33,243.0966,235.15227,15m,tp,2.0,True,
114,nwe,2021-06-22 14:45:00,2021-06-22 15:15:00,249.13,254.1126,245.80827,15m,tp,2.0,True,
115,nwe,2021-06-23 00:45:00,2021-06-23 01:00:00,271.97,277.4094,268.34373,15m,tp,2.0,True,
116,nwe,2021-07-06 06:00:00,2021-07-06 09:00:00,319.09,312.7082,323.34453,15m,tp,2.0,False,
117,nwe,2021-07-07 22:30:00,2021-07-07 23:00:00,333.45,326.781,337.896,15m,tp,2.0,False,
118,nwe,2021-07-07 23:15:00,2021-07-08 00:15:00,327.89,321.3322,332.26187,15m,tp,2.0,False,
119,nwe,2021-07-15 10:15:00,2021-07-15 12:00:00,314.57,308.2786,318.76427,15m,tp,2.0,False,
120,nwe,2021-07-20 04:15:00,2021-07-20 05:15:00,260.21,265.4142,256.74053,15m,tp,2.0,True,
121,nwe,2021-07-26 02:15:00,2021-07-26 07:30:00,322.4,315.952,326.69867,15m,tp,2.0,False,
122,nwe,2021-07-26 19:45:00,2021-07-26 20:00:00,317.83,311.4734,322.06773,15m,tp,2.0,False,
123,nwe,2021-07-31 11:45:00,2021-07-31 21:45:00,331.9,325.262,336.32533,15m,sl,-1.33,False,
124,nwe,2021-08-17 01:15:00,2021-08-17 03:30:00,420.22,428.6244,414.61707,15m,tp,2.0,True,
125,nwe,2021-08-18 01:45:00,2021-08-18 03:00:00,398.59,406.5618,393.27547,15m,sl,-1.33,True,
126,nwe,2021-08-23 10:30:00,2021-08-23 13:15:00,495.16,485.2568,501.76213,15m,sl,-1.33,False,
127,nwe,2021-08-24 16:45:00,2021-08-24 19:45:00,468.44,477.8088,462.19413,15m,tp,2.0,True,
128,nwe,2021-08-26 01:15:00,2021-08-26 03:00:00,514.2,503.916,521.056,15m,tp,2.0,False,
129,nwe,2021-08-31 01:00:00,2021-08-31 07:30:00,457.0,466.14,450.90667,15m,tp,2.0,True,
130,nwe,2021-09-02 02:00:00,2021-09-02 04:00:00,498.9,488.922,505.552,15m,tp,2.0,False,
131,nwe,2021-09-07 13:30:00,2021-09-07 14:15:00,470.5,461.09,476.77333,15m,tp,2.0,False,
132,nwe,2021-09-07 14:30:00,2021-09-07 14:45:00,450.9,441.882,456.912,15m,tp,2.0,False,
133,nwe,2021-09-07 15:30:00,2021-09-07 15:45:00,424.6,433.092,418.93867,15m,sl,-1.33,True,
134,nwe,2021-09-07 16:00:00,2021-09-07 16:45:00,425.2,433.704,419.53067,15m,tp,2.0,True,
135,nwe,2021-09-08 07:30:00,2021-09-08 08:00:00,395.1,403.002,389.832,15m,sl,-1.33,True,
136,nwe,2021-09-08 08:30:00,2021-09-08 09:30:00,397.1,405.042,391.80533,15m,tp,2.0,True,
137,nwe,2021-09-09 13:15:00,2021-09-09 17:00:00,418.9,427.278,413.31467,15m,tp,2.0,True,
138,nwe,2021-09-09 17:45:00,2021-09-09 19:00:00,427.7,419.146,433.40267,15m,tp,2.0,False,
139,nwe,2021-09-10 02:30:00,2021-09-10 05:00:00,436.1,427.378,441.91467,15m,tp,2.0,False,
140,nwe,2021-09-10 15:15:00,2021-09-10 18:00:00,400.9,408.918,395.55467,15m,tp,2.0,True,
141,nwe,2021-09-13 14:15:00,2021-09-13 19:15:00,392.5,384.65,397.73333,15m,sl,-1.33,False,
142,nwe,2021-09-18 01:15:00,2021-09-18 04:15:00,407.0,415.14,401.57333,15m,tp,2.0,True,
143,nwe,2021-09-20 12:15:00,2021-09-20 13:15:00,363.8,371.076,358.94933,15m,tp,2.0,True,
144,nwe,2021-09-21 01:00:00,2021-09-21 01:30:00,351.5,358.53,346.81333,15m,tp,2.0,True,
145,nwe,2021-09-21 01:45:00,2021-09-21 05:15:00,363.0,370.26,358.16,15m,sl,-1.33,True,
146,nwe,2021-09-24 07:45:00,2021-09-24 09:00:00,376.8,369.264,381.824,15m,tp,2.0,False,
147,nwe,2021-09-24 09:15:00,2021-09-24 10:00:00,352.5,345.45,357.2,15m,tp,2.0,False,
148,nwe,2021-09-24 11:45:00,2021-09-24 12:45:00,345.2,352.104,340.59733,15m,sl,-1.33,True,
149,nwe,2021-09-24 14:00:00,2021-09-24 21:00:00,350.8,357.816,346.12267,15m,tp,2.0,True,
150,nwe,2021-09-26 08:30:00,2021-09-26 09:00:00,321.0,327.42,316.72,15m,tp,2.0,True,
151,nwe,2021-09-26 09:15:00,2021-09-26 09:45:00,336.3,343.026,331.816,15m,tp,2.0,True,
152,nwe,2021-09-29 10:45:00,2021-09-29 15:00:00,369.0,361.62,373.92,15m,sl,-1.33,False,
153,nwe,2021-10-06 09:45:00,2021-10-06 12:15:00,418.7,427.074,413.11733,15m,tp,2.0,True,
154,nwe,2021-10-06 12:30:00,2021-10-06 13:00:00,428.0,436.56,422.29333,15m,tp,2.0,True,
155,nwe,2021-10-06 14:00:00,2021-10-07 00:30:00,436.4,427.672,442.21867,15m,tp,2.0,False,
156,nwe,2021-10-07 09:15:00,2021-10-08 02:00:00,442.9,434.042,448.80533,15m,tp,2.0,False,
157,nwe,2021-10-12 10:45:00,2021-10-12 13:00:00,396.2,404.124,390.91733,15m,tp,2.0,True,
158,nwe,2021-10-12 13:15:00,2021-10-12 13:45:00,421.6,430.032,415.97867,15m,tp,2.0,True,
159,nwe,2021-10-13 06:30:00,2021-10-13 07:00:00,441.8,450.636,435.90933,15m,tp,2.0,True,
160,nwe,2021-10-13 08:30:00,2021-10-13 10:45:00,461.7,470.934,455.544,15m,sl,-1.33,True,
161,nwe,2021-10-16 09:30:00,2021-10-16 12:45:00,479.2,469.616,485.58933,15m,tp,2.0,False,
162,nwe,2021-10-17 21:00:00,2021-10-17 23:45:00,461.4,470.628,455.248,15m,tp,2.0,True,
163,nwe,2021-10-19 05:00:00,2021-10-19 14:00:00,494.5,484.61,501.09333,15m,tp,2.0,False,
164,nwe,2021-10-21 16:00:00,2021-10-22 07:00:00,475.0,484.5,468.66667,15m,tp,2.0,True,
165,nwe,2021-10-22 09:15:00,2021-10-22 14:00:00,494.5,484.61,501.09333,15m,tp,2.0,False,
166,nwe,2021-10-27 07:30:00,2021-10-27 08:00:00,476.4,466.872,482.752,15m,tp,2.0,False,
167,nwe,2021-10-27 08:45:00,2021-10-27 09:15:00,461.0,470.22,454.85333,15m,sl,-1.33,True,
168,nwe,2021-10-27 10:00:00,2021-10-28 00:45:00,453.6,462.672,447.552,15m,sl,-1.33,True,
169,nwe,2021-10-29 18:00:00,2021-10-30 00:15:00,527.0,516.46,534.02667,15m,sl,-1.33,False,
170,nwe,2021-11-05 01:00:00,2021-11-05 03:15:00,557.5,568.65,550.06667,15m,tp,2.0,True,
171,nwe,2021-11-10 22:00:00,2021-11-11 00:45:00,603.6,615.672,595.552,15m,tp,2.0,True,
172,nwe,2021-11-16 10:45:00,2021-11-16 12:00:00,592.1,603.942,584.20533,15m,sl,-1.33,True,
173,nwe,2021-11-16 13:30:00,2021-11-16 14:30:00,583.8,595.476,576.016,15m,tp,2.0,True,
174,nwe,2021-11-18 17:45:00,2021-11-18 19:30:00,531.4,542.028,524.31467,15m,tp,2.0,True,
175,nwe,2021-11-26 02:00:00,2021-11-26 03:00:00,654.8,641.704,663.53067,15m,tp,2.0,False,
176,nwe,2021-11-26 03:15:00,2021-11-26 03:45:00,636.2,623.476,644.68267,15m,tp,2.0,False,
177,nwe,2021-11-26 09:00:00,2021-11-26 11:00:00,583.0,594.66,575.22667,15m,sl,-1.33,True,
178,nwe,2021-11-26 11:45:00,2021-11-26 12:45:00,569.5,580.89,561.90667,15m,tp,2.0,True,
179,nwe,2021-12-04 05:45:00,2021-12-04 07:00:00,539.0,549.78,531.81333,15m,sl,-1.33,True,
180,nwe,2021-12-04 07:45:00,2021-12-04 11:30:00,535.9,546.618,528.75467,15m,sl,-1.33,True,
181,nwe,2021-12-04 12:15:00,2021-12-04 14:15:00,544.1,554.982,536.84533,15m,tp,2.0,True,
182,nwe,2021-12-06 08:00:00,2021-12-06 09:30:00,557.6,568.752,550.16533,15m,sl,-1.33,True,
183,nwe,2021-12-06 11:45:00,2021-12-06 15:30:00,556.0,567.12,548.58667,15m,tp,2.0,True,
184,nwe,2021-12-10 14:15:00,2021-12-10 14:45:00,591.6,579.768,599.488,15m,tp,2.0,False,
185,nwe,2021-12-10 15:00:00,2021-12-10 16:00:00,576.8,565.264,584.49067,15m,tp,2.0,False,
186,nwe,2021-12-10 18:00:00,2021-12-10 23:30:00,567.4,578.748,559.83467,15m,sl,-1.33,True,
187,nwe,2021-12-13 20:15:00,2021-12-14 08:30:00,524.1,534.582,517.112,15m,tp,2.0,True,
188,nwe,2021-12-15 16:30:00,2021-12-15 18:30:00,507.3,517.446,500.536,15m,tp,2.0,True,
189,nwe,2021-12-15 18:45:00,2021-12-15 19:00:00,521.8,532.236,514.84267,15m,tp,2.0,True,
190,nwe,2021-12-15 21:00:00,2021-12-16 04:15:00,541.8,530.964,549.024,15m,tp,2.0,False,
191,nwe,2021-12-17 15:15:00,2021-12-17 16:00:00,517.4,527.748,510.50133,15m,tp,2.0,True,
192,nwe,2021-12-23 18:45:00,2021-12-27 14:30:00,546.4,535.472,553.68533,15m,sl,-1.33,False,
193,nwe,2022-01-05 17:45:00,2022-01-05 19:45:00,506.9,496.762,513.65867,15m,tp,2.0,False,
194,nwe,2022-01-05 20:00:00,2022-01-05 22:00:00,487.6,477.848,494.10133,15m,tp,2.0,False,
195,nwe,2022-01-05 22:45:00,2022-01-06 02:00:00,475.9,485.418,469.55467,15m,sl,-1.33,True,
196,nwe,2022-01-07 07:45:00,2022-01-07 08:15:00,447.3,456.246,441.336,15m,tp,2.0,True,
197,nwe,2022-01-08 19:30:00,2022-01-08 21:30:00,419.4,427.788,413.808,15m,tp,2.0,True,
198,nwe,2022-01-10 15:00:00,2022-01-10 16:15:00,413.5,421.77,407.98667,15m,tp,2.0,True,
199,nwe,2022-01-14 12:00:00,2022-01-14 14:45:00,469.0,478.38,462.74667,15m,tp,2.0,True,
200,nwe,2022-01-21 22:30:00,2022-01-22 05:15:00,384.7,392.394,379.57067,15m,sl,-1.33,True,
201,nwe,2022-01-22 10:45:00,2022-01-22 12:45:00,362.5,369.75,357.66667,15m,tp,2.0,True,
202,nwe,2022-01-27 21:00:00,2022-01-27 21:45:00,360.3,367.506,355.496,15m,tp,2.0,True,
203,nwe,2022-01-27 22:00:00,2022-01-27 22:15:00,380.8,388.416,375.72267,15m,tp,2.0,True,
204,nwe,2022-01-27 23:15:00,2022-01-28 11:15:00,389.2,381.416,394.38933,15m,tp,2.0,False,
205,nwe,2022-02-05 06:00:00,2022-02-05 06:45:00,430.1,421.498,435.83467,15m,tp,2.0,False,
206,nwe,2022-02-05 07:00:00,2022-02-05 16:45:00,423.7,415.226,429.34933,15m,tp,2.0,False,
207,nwe,2022-02-08 06:45:00,2022-02-08 08:15:00,439.9,431.102,445.76533,15m,tp,2.0,False,
208,nwe,2022-02-10 14:30:00,2022-02-10 15:00:00,416.4,424.728,410.848,15m,tp,2.0,True,
209,nwe,2022-02-15 09:00:00,2022-02-15 14:00:00,426.2,417.676,431.88267,15m,sl,-1.33,False,
210,nwe,2022-02-21 13:30:00,2022-02-21 14:15:00,366.9,374.238,362.008,15m,tp,2.0,True,
211,nwe,2022-02-24 03:00:00,2022-02-24 03:30:00,353.0,345.94,357.70667,15m,tp,2.0,False,
212,nwe,2022-02-24 06:15:00,2022-02-24 07:15:00,332.3,338.946,327.86933,15m,sl,-1.33,True,
213,nwe,2022-02-24 07:45:00,2022-02-24 08:00:00,336.1,342.822,331.61867,15m,tp,2.0,True,
214,nwe,2022-02-24 20:45:00,2022-02-24 22:30:00,364.2,356.916,369.056,15m,tp,2.0,False,
215,nwe,2022-03-01 07:45:00,2022-03-01 09:30:00,413.2,404.936,418.70933,15m,tp,2.0,False,
216,nwe,2022-03-04 19:00:00,2022-03-04 21:00:00,383.4,375.732,388.512,15m,tp,2.0,False,
217,nwe,2022-03-07 20:15:00,2022-03-07 20:45:00,370.3,377.706,365.36267,15m,tp,2.0,True,
218,nwe,2022-03-09 04:45:00,2022-03-10 01:30:00,397.8,389.844,403.104,15m,tp,2.0,False,
219,nwe,2022-03-10 01:45:00,2022-03-10 04:30:00,387.1,379.358,392.26133,15m,tp,2.0,False,
220,nwe,2022-03-14 00:45:00,2022-03-14 04:00:00,362.7,369.954,357.864,15m,tp,2.0,True,
221,nwe,2022-03-16 02:45:00,2022-03-16 03:30:00,379.2,371.616,384.256,15m,tp,2.0,False,
222,nwe,2022-03-22 05:00:00,2022-03-23 04:15:00,407.4,399.252,412.832,15m,tp,2.0,False,
223,nwe,2022-03-23 16:15:00,2022-03-24 16:15:00,409.5,401.31,414.96,15m,sl,-1.33,False,
224,nwe,2022-03-25 15:00:00,2022-03-25 17:00:00,415.4,407.092,420.93867,15m,tp,2.0,False,
225,nwe,2022-03-27 21:00:00,2022-03-27 22:30:00,422.3,430.746,416.66933,15m,tp,2.0,True,
226,nwe,2022-03-29 16:45:00,2022-03-30 16:00:00,433.7,442.374,427.91733,15m,tp,2.0,True,
227,nwe,2022-03-30 17:45:00,2022-03-31 14:00:00,448.2,439.236,454.176,15m,tp,2.0,False,
228,nwe,2022-03-31 17:30:00,2022-04-01 01:45:00,429.3,437.886,423.576,15m,sl,-1.33,True,
229,nwe,2022-04-01 03:30:00,2022-04-01 07:30:00,418.6,426.972,413.01867,15m,tp,2.0,True,
230,nwe,2022-04-06 17:45:00,2022-04-07 06:45:00,424.0,432.48,418.34667,15m,tp,2.0,True,
231,nwe,2022-04-18 05:00:00,2022-04-18 12:30:00,398.2,406.164,392.89067,15m,tp,2.0,True,
232,nwe,2022-04-20 11:15:00,2022-04-20 18:15:00,426.6,418.068,432.288,15m,tp,2.0,False,
233,nwe,2022-04-25 07:45:00,2022-04-25 11:45:00,383.8,391.476,378.68267,15m,tp,2.0,True,
234,nwe,2022-04-28 09:45:00,2022-04-29 01:00:00,403.8,395.724,409.184,15m,sl,-1.33,False,
235,nwe,2022-04-30 23:45:00,2022-05-01 05:00:00,377.1,384.642,372.072,15m,tp,2.0,True,
236,nwe,2022-05-05 11:00:00,2022-05-05 14:00:00,408.1,399.938,413.54133,15m,tp,2.0,False,
237,nwe,2022-05-05 14:15:00,2022-05-05 15:00:00,395.7,387.786,400.976,15m,tp,2.0,False,
238,nwe,2022-05-05 16:30:00,2022-05-05 18:15:00,379.8,387.396,374.736,15m,sl,-1.33,True,
239,nwe,2022-05-05 18:30:00,2022-05-06 15:15:00,375.2,382.704,370.19733,15m,tp,2.0,True,
240,nwe,2022-05-09 19:15:00,2022-05-09 20:00:00,305.5,311.61,301.42667,15m,tp,2.0,True,
241,nwe,2022-05-10 00:30:00,2022-05-10 01:00:00,302.5,308.55,298.46667,15m,tp,2.0,True,
242,nwe,2022-05-10 07:00:00,2022-05-10 12:30:00,323.9,317.422,328.21867,15m,sl,-1.33,False,
243,nwe,2022-05-11 07:30:00,2022-05-11 08:00:00,298.2,304.164,294.224,15m,tp,2.0,True,
244,nwe,2022-05-11 08:15:00,2022-05-11 09:15:00,305.3,311.406,301.22933,15m,tp,2.0,True,
245,nwe,2022-05-12 05:45:00,2022-05-12 06:15:00,231.0,235.62,227.92,15m,tp,2.0,True,
246,nwe,2022-05-12 06:30:00,2022-05-12 06:45:00,238.0,242.76,234.82667,15m,sl,-1.33,True,
247,nwe,2022-05-12 07:30:00,2022-05-12 07:45:00,240.2,245.004,236.99733,15m,tp,2.0,True,
248,nwe,2022-05-20 12:30:00,2022-05-20 14:30:00,313.0,306.74,317.17333,15m,tp,2.0,False,
249,nwe,2022-05-20 14:45:00,2022-05-20 15:15:00,304.3,298.214,308.35733,15m,tp,2.0,False,
250,nwe,2022-05-20 16:45:00,2022-05-20 19:30:00,296.1,302.022,292.152,15m,tp,2.0,True,
251,nwe,2022-05-24 14:45:00,2022-05-24 15:45:00,317.6,323.952,313.36533,15m,tp,2.0,True,
252,nwe,2022-05-26 13:45:00,2022-05-26 15:00:00,308.0,314.16,303.89333,15m,tp,2.0,True,
253,nwe,2022-05-27 02:45:00,2022-05-27 05:30:00,300.9,306.918,296.888,15m,sl,-1.33,True,
254,nwe,2022-05-27 13:15:00,2022-05-27 17:15:00,305.6,299.488,309.67467,15m,tp,2.0,False,
255,nwe,2022-06-01 13:45:00,2022-06-01 14:30:00,318.8,312.424,323.05067,15m,tp,2.0,False,
256,nwe,2022-06-01 14:45:00,2022-06-01 15:30:00,312.7,306.446,316.86933,15m,tp,2.0,False,
257,nwe,2022-06-01 17:00:00,2022-06-01 20:30:00,303.3,309.366,299.256,15m,sl,-1.33,True,
258,nwe,2022-06-07 12:00:00,2022-06-07 14:30:00,276.7,282.234,273.01067,15m,tp,2.0,True,
259,nwe,2022-06-10 15:15:00,2022-06-10 16:45:00,291.3,285.474,295.184,15m,tp,2.0,False,
260,nwe,2022-06-11 16:00:00,2022-06-11 18:30:00,268.7,274.074,265.11733,15m,tp,2.0,True,
261,nwe,2022-06-14 02:30:00,2022-06-14 03:15:00,208.5,212.67,205.72,15m,tp,2.0,True,
262,nwe,2022-06-18 21:00:00,2022-06-18 21:15:00,189.6,193.392,187.072,15m,tp,2.0,True,
263,nwe,2022-06-24 13:00:00,2022-06-24 15:30:00,239.5,234.71,242.69333,15m,tp,2.0,False,
264,nwe,2022-07-01 02:00:00,2022-07-01 03:45:00,226.5,221.97,229.52,15m,tp,2.0,False,
265,nwe,2022-07-05 06:45:00,2022-07-05 08:15:00,235.0,230.3,238.13333,15m,tp,2.0,False,
266,nwe,2022-07-08 02:00:00,2022-07-08 08:45:00,243.9,239.022,247.152,15m,tp,2.0,False,
267,nwe,2022-07-13 13:45:00,2022-07-13 14:45:00,219.6,223.992,216.672,15m,tp,2.0,True,
268,nwe,2022-07-19 00:45:00,2022-07-19 04:00:00,262.1,256.858,265.59467,15m,tp,2.0,False,
269,nwe,2022-07-19 19:45:00,2022-07-20 08:45:00,271.1,265.678,274.71467,15m,tp,2.0,False,
270,nwe,2022-07-23 10:00:00,2022-07-23 11:30:00,268.2,262.836,271.776,15m,tp,2.0,False,
271,nwe,2022-08-10 12:15:00,2022-08-10 12:30:00,317.2,323.544,312.97067,15m,tp,2.0,True,
272,nwe,2022-08-10 12:45:00,2022-08-10 14:45:00,329.9,336.498,325.50133,15m,tp,2.0,True,
273,nwe,2022-08-10 15:00:00,2022-08-10 18:30:00,335.3,328.594,339.77067,15m,tp,2.0,False,
274,nwe,2022-08-15 03:15:00,2022-08-15 06:15:00,324.8,318.304,329.13067,15m,tp,2.0,False,
275,nwe,2022-08-17 05:45:00,2022-08-17 10:00:00,321.3,314.874,325.584,15m,tp,2.0,False,
276,nwe,2022-08-19 07:30:00,2022-08-19 16:30:00,282.2,287.844,278.43733,15m,tp,2.0,True,
277,nwe,2022-08-25 07:45:00,2022-08-26 00:45:00,305.0,298.9,309.06667,15m,tp,2.0,False,
278,nwe,2022-08-26 13:30:00,2022-08-26 14:45:00,298.9,292.922,302.88533,15m,tp,2.0,False,
279,nwe,2022-08-30 17:30:00,2022-08-30 19:15:00,277.6,283.152,273.89867,15m,tp,2.0,True,
280,nwe,2022-09-06 01:45:00,2022-09-06 17:00:00,282.5,276.85,286.26667,15m,tp,2.0,False,
281,nwe,2022-09-06 17:15:00,2022-09-06 20:00:00,268.8,263.424,272.384,15m,tp,2.0,False,
282,nwe,2022-09-06 20:45:00,2022-09-07 02:15:00,265.5,270.81,261.96,15m,sl,-1.33,True,
283,nwe,2022-09-07 21:45:00,2022-09-09 03:15:00,278.8,273.224,282.51733,15m,sl,-1.33,False,
284,nwe,2022-09-13 12:00:00,2022-09-13 12:30:00,296.5,290.57,300.45333,15m,tp,2.0,False,
285,nwe,2022-09-13 12:45:00,2022-09-13 21:30:00,283.4,277.732,287.17867,15m,tp,2.0,False,
286,nwe,2022-09-15 15:45:00,2022-09-16 06:30:00,269.8,275.196,266.20267,15m,tp,2.0,True,
287,nwe,2022-09-21 19:15:00,2022-09-21 21:00:00,271.3,265.874,274.91733,15m,tp,2.0,False,
288,nwe,2022-09-27 18:15:00,2022-09-28 02:30:00,270.6,276.012,266.992,15m,sl,-1.33,True,
289,nwe,2022-09-29 14:45:00,2022-09-30 07:45:00,282.0,287.64,278.24,15m,tp,2.0,True,
290,nwe,2022-09-30 15:30:00,2022-09-30 20:45:00,287.5,281.75,291.33333,15m,tp,2.0,False,
291,nwe,2022-10-01 18:45:00,2022-10-03 14:30:00,282.8,288.456,279.02933,15m,tp,2.0,True,
292,nwe,2022-10-06 22:00:00,2022-10-08 21:30:00,282.5,288.15,278.73333,15m,sl,-1.33,True,
293,nwe,2022-10-13 11:00:00,2022-10-13 13:00:00,262.6,267.852,259.09867,15m,sl,-1.33,True,
294,nwe,2022-10-13 13:15:00,2022-10-13 15:00:00,259.3,264.486,255.84267,15m,tp,2.0,True,
295,nwe,2022-10-13 15:15:00,2022-10-13 18:45:00,265.7,271.014,262.15733,15m,tp,2.0,True,
296,nwe,2022-10-16 20:30:00,2022-10-20 20:30:00,273.2,267.736,276.84267,15m,tp,2.0,False,
297,nwe,2022-10-21 12:45:00,2022-10-23 17:45:00,266.6,271.932,263.04533,15m,tp,2.0,True,
298,nwe,2022-10-23 23:00:00,2022-10-25 15:30:00,276.1,270.578,279.78133,15m,sl,-1.33,False,
299,nwe,2022-10-25 18:45:00,2022-10-27 05:30:00,288.7,282.926,292.54933,15m,sl,-1.33,False,
300,nwe,2022-10-30 08:00:00,2022-10-30 08:30:00,318.3,311.934,322.544,15m,tp,2.0,False,
301,nwe,2022-10-30 08:45:00,2022-10-31 02:15:00,312.8,306.544,316.97067,15m,tp,2.0,False,
302,nwe,2022-10-31 12:45:00,2022-10-31 13:45:00,332.9,326.242,337.33867,15m,tp,2.0,False,
303,nwe,2022-11-08 05:45:00,2022-11-08 07:15:00,320.3,326.706,316.02933,15m,tp,2.0,True,
304,nwe,2022-11-08 16:45:00,2022-11-08 17:15:00,375.4,367.892,380.40533,15m,tp,2.0,False,
305,nwe,2022-11-08 17:30:00,2022-11-08 17:45:00,360.2,352.996,365.00267,15m,tp,2.0,False,
306,nwe,2022-11-08 18:00:00,2022-11-08 18:15:00,342.8,335.944,347.37067,15m,tp,2.0,False,
307,nwe,2022-11-08 18:30:00,2022-11-08 18:45:00,329.8,323.204,334.19733,15m,tp,2.0,False,
308,nwe,2022-11-08 20:00:00,2022-11-08 21:30:00,315.3,321.606,311.096,15m,tp,2.0,True,
309,nwe,2022-11-09 10:45:00,2022-11-09 11:45:00,298.6,304.572,294.61867,15m,tp,2.0,True,
310,nwe,2022-11-10 15:30:00,2022-11-10 16:15:00,306.8,300.664,310.89067,15m,sl,-1.33,False,
311,nwe,2022-11-10 16:45:00,2022-11-10 17:30:00,309.3,303.114,313.424,15m,tp,2.0,False,
312,nwe,2022-11-15 16:15:00,2022-11-15 18:30:00,280.3,274.694,284.03733,15m,tp,2.0,False,
313,nwe,2022-11-23 07:00:00,2022-11-23 08:00:00,272.3,277.746,268.66933,15m,tp,2.0,True,
314,nwe,2022-11-23 08:15:00,2022-11-23 09:00:00,291.9,297.738,288.008,15m,tp,2.0,True,
315,nwe,2022-11-23 09:15:00,2022-11-23 17:00:00,297.9,291.942,301.872,15m,tp,2.0,False,
316,nwe,2022-11-27 22:30:00,2022-11-27 23:15:00,314.0,307.72,318.18667,15m,tp,2.0,False,
317,nwe,2022-11-27 23:30:00,2022-11-28 01:15:00,306.9,300.762,310.992,15m,tp,2.0,False,
318,nwe,2022-11-28 02:15:00,2022-11-28 16:45:00,292.8,298.656,288.896,15m,tp,2.0,True,
319,nwe,2022-12-01 11:15:00,2022-12-01 13:45:00,300.6,294.588,304.608,15m,tp,2.0,False,
320,nwe,2022-12-07 07:45:00,2022-12-08 17:45:00,282.7,288.354,278.93067,15m,tp,2.0,True,
321,nwe,2022-12-08 19:30:00,2022-12-11 21:45:00,290.0,284.2,293.86667,15m,tp,2.0,False,
322,nwe,2022-12-13 07:15:00,2022-12-13 08:15:00,259.8,264.996,256.336,15m,tp,2.0,True,
323,nwe,2022-12-13 15:00:00,2022-12-13 16:45:00,278.4,272.832,282.112,15m,tp,2.0,False,
324,nwe,2022-12-16 07:45:00,2022-12-16 08:45:00,263.8,258.524,267.31733,15m,tp,2.0,False,
325,nwe,2022-12-16 09:00:00,2022-12-16 10:15:00,253.8,248.724,257.184,15m,tp,2.0,False,
326,nwe,2022-12-17 02:30:00,2022-12-17 03:45:00,226.5,231.03,223.48,15m,tp,2.0,True,
327,nwe,2022-12-18 05:00:00,2022-12-18 23:00:00,248.4,243.432,251.712,15m,sl,-1.33,False,
328,nwe,2022-12-22 15:15:00,2022-12-22 20:15:00,241.2,246.024,237.984,15m,tp,2.0,True,
329,nwe,2022-12-23 03:30:00,2022-12-25 14:30:00,247.2,242.256,250.496,15m,tp,2.0,False,
330,nwe,2022-12-27 00:45:00,2022-12-27 15:15:00,243.6,238.728,246.848,15m,sl,-1.33,False,
331,nwe,2022-12-27 16:00:00,2023-01-04 02:30:00,244.9,240.002,248.16533,15m,sl,-1.33,False,
332,nwe,2023-01-04 02:45:00,2023-01-04 03:00:00,251.3,256.326,247.94933,15m,tp,2.0,True,
333,nwe,2023-01-04 03:45:00,2023-01-07 00:45:00,257.1,251.958,260.528,15m,sl,-1.33,False,
334,nwe,2023-01-09 01:30:00,2023-01-09 20:00:00,279.1,273.518,282.82133,15m,tp,2.0,False,
335,nwe,2023-01-09 21:30:00,2023-01-10 20:15:00,273.1,278.562,269.45867,15m,tp,2.0,True,
336,nwe,2023-01-14 02:30:00,2023-01-14 06:45:00,308.0,301.84,312.10667,15m,sl,-1.33,False,
337,nwe,2023-01-14 07:30:00,2023-01-14 09:15:00,310.7,304.486,314.84267,15m,tp,2.0,False,
338,nwe,2023-01-14 09:30:00,2023-01-14 14:15:00,301.7,295.666,305.72267,15m,sl,-1.33,False,
339,nwe,2023-01-18 14:45:00,2023-01-18 15:45:00,302.7,296.646,306.736,15m,tp,2.0,False,
340,nwe,2023-01-18 17:00:00,2023-01-18 20:30:00,295.9,301.818,291.95467,15m,sl,-1.33,True,
341,nwe,2023-01-21 10:45:00,2023-01-22 15:00:00,302.5,296.45,306.53333,15m,sl,-1.33,False,
342,nwe,2023-01-22 18:30:00,2023-01-22 20:00:00,307.7,301.546,311.80267,15m,tp,2.0,False,
343,nwe,2023-01-24 04:00:00,2023-01-24 09:00:00,320.2,313.796,324.46933,15m,tp,2.0,False,
344,nwe,2023-01-25 02:00:00,2023-01-25 08:00:00,298.0,303.96,294.02667,15m,tp,2.0,True,
345,nwe,2023-01-30 09:45:00,2023-01-31 04:15:00,306.5,312.63,302.41333,15m,tp,2.0,True,
346,nwe,2023-02-03 13:30:00,2023-02-05 08:30:00,331.1,324.478,335.51467,15m,sl,-1.33,False,
347,nwe,2023-02-09 21:45:00,2023-02-12 15:45:00,306.2,312.324,302.11733,15m,tp,2.0,True,
348,nwe,2023-02-13 06:15:00,2023-02-13 07:45:00,313.8,307.524,317.984,15m,tp,2.0,False,
349,nwe,2023-02-13 08:00:00,2023-02-13 08:15:00,305.5,299.39,309.57333,15m,tp,2.0,False,
350,nwe,2023-02-13 09:45:00,2023-02-13 15:45:00,291.3,297.126,287.416,15m,sl,-1.33,True,
351,nwe,2023-02-16 01:45:00,2023-02-16 14:30:00,321.3,314.874,325.584,15m,tp,2.0,False,
352,nwe,2023-02-16 18:00:00,2023-02-16 20:45:00,321.1,314.678,325.38133,15m,tp,2.0,False,
353,nwe,2023-02-17 00:15:00,2023-02-17 14:30:00,305.9,312.018,301.82133,15m,tp,2.0,True,
354,nwe,2023-02-20 01:45:00,2023-02-22 01:45:00,313.7,319.974,309.51733,15m,sl,-1.33,True,
355,nwe,2023-02-24 16:45:00,2023-02-25 20:30:00,301.1,307.122,297.08533,15m,sl,-1.33,True,
356,nwe,2023-02-27 15:45:00,2023-03-02 02:30:00,304.9,298.802,308.96533,15m,tp,2.0,False,
357,nwe,2023-03-02 23:30:00,2023-03-03 01:15:00,300.1,294.098,304.10133,15m,tp,2.0,False,
358,nwe,2023-03-03 01:45:00,2023-03-03 06:15:00,287.7,281.946,291.536,15m,sl,-1.33,False,
359,nwe,2023-03-08 16:30:00,2023-03-09 18:30:00,291.8,285.964,295.69067,15m,tp,2.0,False,
360,nwe,2023-03-13 05:00:00,2023-03-13 07:45:00,300.3,294.294,304.304,15m,sl,-1.33,False,
361,nwe,2023-03-13 16:00:00,2023-03-14 08:00:00,309.3,303.114,313.424,15m,tp,2.0,False,
362,nwe,2023-03-16 08:30:00,2023-03-16 12:00:00,319.8,313.404,324.064,15m,tp,2.0,False,
363,nwe,2023-03-16 13:00:00,2023-03-16 14:15:00,310.4,316.608,306.26133,15m,tp,2.0,True,
364,nwe,2023-03-16 14:30:00,2023-03-16 21:30:00,324.5,330.99,320.17333,15m,tp,2.0,True,
365,nwe,2023-03-18 16:15:00,2023-03-19 12:45:00,333.3,339.966,328.856,15m,tp,2.0,True,
366,nwe,2023-03-21 07:45:00,2023-03-21 12:45:00,328.7,335.274,324.31733,15m,tp,2.0,True,
367,nwe,2023-03-22 08:00:00,2023-03-22 09:45:00,337.5,330.75,342.0,15m,tp,2.0,False,
368,nwe,2023-03-22 12:15:00,2023-03-22 19:30:00,326.0,332.52,321.65333,15m,sl,-1.33,True,
369,nwe,2023-03-22 20:30:00,2023-03-23 15:00:00,321.3,327.726,317.016,15m,tp,2.0,True,
370,nwe,2023-03-27 12:30:00,2023-03-27 14:45:00,328.2,321.636,332.576,15m,tp,2.0,False,
371,nwe,2023-03-27 15:00:00,2023-03-27 17:30:00,315.2,308.896,319.40267,15m,tp,2.0,False,
372,nwe,2023-03-27 18:00:00,2023-03-28 18:45:00,308.7,314.874,304.584,15m,tp,2.0,True,
373,nwe,2023-04-03 20:15:00,2023-04-03 22:15:00,302.9,296.842,306.93867,15m,sl,-1.33,False,
374,nwe,2023-04-05 16:45:00,2023-04-10 23:30:00,311.7,317.934,307.544,15m,tp,2.0,True,
375,nwe,2023-04-11 07:30:00,2023-04-11 16:45:00,332.0,325.36,336.42667,15m,tp,2.0,False,
376,nwe,2023-04-14 17:00:00,2023-04-15 09:30:00,326.2,332.724,321.85067,15m,tp,2.0,True,
377,nwe,2023-04-19 09:00:00,2023-04-19 21:15:00,328.6,335.172,324.21867,15m,sl,-1.33,True,
378,nwe,2023-04-21 07:15:00,2023-04-21 07:45:00,316.6,322.932,312.37867,15m,tp,2.0,True,
379,nwe,2023-04-21 08:00:00,2023-04-21 17:15:00,329.4,335.988,325.008,15m,sl,-1.33,True,
380,nwe,2023-04-21 20:30:00,2023-04-22 11:00:00,319.0,325.38,314.74667,15m,tp,2.0,True,
381,nwe,2023-04-26 13:15:00,2023-04-26 19:15:00,343.5,336.63,348.08,15m,tp,2.0,False,
382,nwe,2023-04-26 20:15:00,2023-04-27 00:15:00,326.4,332.928,322.048,15m,tp,2.0,True,
383,nwe,2023-04-30 16:45:00,2023-04-30 21:45:00,332.6,325.948,337.03467,15m,sl,-1.33,False,
384,nwe,2023-05-01 01:00:00,2023-05-01 15:15:00,338.1,331.338,342.608,15m,tp,2.0,False,
385,nwe,2023-05-10 18:00:00,2023-05-11 17:15:00,311.4,317.628,307.248,15m,sl,-1.33,True,
386,nwe,2023-05-11 18:15:00,2023-05-13 21:15:00,305.3,311.406,301.22933,15m,tp,2.0,True,
387,nwe,2023-05-18 18:30:00,2023-05-23 03:00:00,307.4,313.548,303.30133,15m,tp,2.0,True,
388,nwe,2023-05-29 01:15:00,2023-05-31 04:45:00,315.3,308.994,319.504,15m,tp,2.0,False,
389,nwe,2023-06-05 12:15:00,2023-06-05 15:00:00,300.5,294.49,304.50667,15m,tp,2.0,False,
390,nwe,2023-06-05 15:15:00,2023-06-05 15:45:00,287.6,281.848,291.43467,15m,tp,2.0,False,
391,nwe,2023-06-05 16:30:00,2023-06-05 18:15:00,280.0,285.6,276.26667,15m,sl,-1.33,True,
392,nwe,2023-06-05 18:30:00,2023-06-05 21:30:00,276.1,281.622,272.41867,15m,sl,-1.33,True,
393,nwe,2023-06-05 21:45:00,2023-06-06 14:00:00,274.6,280.092,270.93867,15m,tp,2.0,True,
394,nwe,2023-06-07 15:30:00,2023-06-07 17:45:00,258.3,263.466,254.856,15m,tp,2.0,True,
395,nwe,2023-06-10 01:45:00,2023-06-10 02:45:00,257.9,252.742,261.33867,15m,tp,2.0,False,
396,nwe,2023-06-10 03:00:00,2023-06-10 04:00:00,252.7,247.646,256.06933,15m,tp,2.0,False,
397,nwe,2023-06-10 05:00:00,2023-06-10 06:00:00,239.6,244.392,236.40533,15m,sl,-1.33,True,
398,nwe,2023-06-10 06:45:00,2023-06-10 17:15:00,235.5,240.21,232.36,15m,tp,2.0,True,
399,nwe,2023-06-12 08:45:00,2023-06-12 09:15:00,229.5,234.09,226.44,15m,tp,2.0,True,
400,nwe,2023-06-12 11:15:00,2023-06-12 17:15:00,233.9,229.222,237.01867,15m,tp,2.0,False,
401,nwe,2023-06-14 21:30:00,2023-06-15 11:00:00,236.2,240.924,233.05067,15m,sl,-1.33,True,
402,nwe,2023-06-17 06:30:00,2023-06-17 15:15:00,247.8,242.844,251.104,15m,tp,2.0,False,
403,nwe,2023-06-21 03:15:00,2023-06-21 10:30:00,251.6,246.568,254.95467,15m,tp,2.0,False,
404,nwe,2023-06-21 17:00:00,2023-06-22 02:15:00,249.0,244.02,252.32,15m,sl,-1.33,False,
405,nwe,2023-06-22 03:30:00,2023-06-22 11:00:00,254.8,249.704,258.19733,15m,tp,2.0,False,
406,nwe,2023-06-24 16:15:00,2023-06-24 19:00:00,232.6,237.252,229.49867,15m,tp,2.0,True,
407,nwe,2023-06-28 20:15:00,2023-06-29 03:15:00,228.8,233.376,225.74933,15m,tp,2.0,True,
408,nwe,2023-06-30 05:15:00,2023-06-30 13:45:00,238.2,233.436,241.376,15m,tp,2.0,False,
409,nwe,2023-06-30 14:30:00,2023-06-30 16:45:00,235.0,239.7,231.86667,15m,tp,2.0,True,
410,nwe,2023-07-01 01:15:00,2023-07-01 13:15:00,242.6,237.748,245.83467,15m,sl,-1.33,False,
411,nwe,2023-07-06 09:30:00,2023-07-06 14:00:00,242.1,237.258,245.328,15m,tp,2.0,False,
412,nwe,2023-07-06 15:00:00,2023-07-06 23:15:00,236.8,241.536,233.64267,15m,sl,-1.33,True,
413,nwe,2023-07-07 00:15:00,2023-07-08 01:15:00,232.4,237.048,229.30133,15m,tp,2.0,True,
414,nwe,2023-07-10 07:15:00,2023-07-10 09:15:00,233.2,237.864,230.09067,15m,tp,2.0,True,
415,nwe,2023-07-10 09:30:00,2023-07-10 15:45:00,240.8,245.616,237.58933,15m,tp,2.0,True,
416,nwe,2023-07-13 18:45:00,2023-07-14 00:00:00,253.2,248.136,256.576,15m,sl,-1.33,False,
417,nwe,2023-07-14 16:30:00,2023-07-14 17:45:00,255.0,249.9,258.4,15m,tp,2.0,False,
418,nwe,2023-07-14 19:15:00,2023-07-15 08:45:00,246.4,251.328,243.11467,15m,tp,2.0,True,
419,nwe,2023-07-24 09:00:00,2023-07-24 09:45:00,241.4,236.572,244.61867,15m,tp,2.0,False,
420,nwe,2023-07-24 10:30:00,2023-07-27 05:00:00,238.9,243.678,235.71467,15m,tp,2.0,True,
421,nwe,2023-07-27 05:45:00,2023-08-01 07:30:00,241.8,236.964,245.024,15m,sl,-1.33,False,
422,nwe,2023-08-01 08:00:00,2023-08-02 00:15:00,244.9,240.002,248.16533,15m,sl,-1.33,False,
423,nwe,2023-08-02 01:00:00,2023-08-02 15:15:00,247.3,242.354,250.59733,15m,tp,2.0,False,
424,nwe,2023-08-02 17:30:00,2023-08-08 18:00:00,240.8,245.616,237.58933,15m,tp,2.0,True,
425,nwe,2023-08-08 18:45:00,2023-08-10 17:00:00,246.3,241.374,249.584,15m,tp,2.0,False,
